TelemetryId,UnitId,Timestamp,TemperatureC,HumidityPct,DoorOpen,SensorStatus
TEL-0000001,RU-SEA-01,2026-08-27T19:00:00Z,-21.17,46.79,false,OK
TEL-0000002,RU-SEA-01,2026-08-27T19:05:00Z,-20.34,43.15,false,OK
TEL-0000003,RU-SEA-01,2026-08-27T19:10:00Z,-20.79,42.11,false,OK
TEL-0000004,RU-SEA-01,2026-08-27T19:15:00Z,-20.74,41.94,false,OK
TEL-0000005,RU-SEA-01,2026-08-27T19:20:00Z,-20.87,45.47,false,OK
TEL-0000006,RU-SEA-01,2026-08-27T19:25:00Z,-20.24,44.37,false,OK
TEL-0000007,RU-SEA-01,2026-08-27T19:30:00Z,-20.15,44.93,false,OK
TEL-0000008,RU-SEA-01,2026-08-27T19:35:00Z,-21.01,44.23,false,OK
TEL-0000009,RU-SEA-01,2026-08-27T19:40:00Z,-20.44,41.61,false,OK
TEL-0000010,RU-SEA-01,2026-08-27T19:45:00Z,-20.86,44.81,false,OK
TEL-0000011,RU-SEA-01,2026-08-27T19:50:00Z,-20.84,42.91,false,OK
TEL-0000012,RU-SEA-01,2026-08-27T19:55:00Z,-20.71,43.06,false,OK
TEL-0000013,RU-SEA-01,2026-08-27T20:00:00Z,-19.81,45.75,false,OK
TEL-0000014,RU-SEA-01,2026-08-27T20:05:00Z,-21.17,42.22,false,OK
TEL-0000015,RU-SEA-01,2026-08-27T20:10:00Z,-20.12,45.28,false,OK
TEL-0000016,RU-SEA-01,2026-08-27T20:15:00Z,-20.58,46.34,false,OK
TEL-0000017,RU-SEA-01,2026-08-27T20:20:00Z,-20.25,46.01,false,OK
TEL-0000018,RU-SEA-01,2026-08-27T20:25:00Z,-21.12,45.21,false,OK
TEL-0000019,RU-SEA-01,2026-08-27T20:30:00Z,-20.82,45.52,false,OK
TEL-0000020,RU-SEA-01,2026-08-27T20:35:00Z,-20.04,41.82,false,OK
TEL-0000021,RU-SEA-01,2026-08-27T20:40:00Z,-20.07,46.06,false,OK
TEL-0000022,RU-SEA-01,2026-08-27T20:45:00Z,-20.66,43.27,false,OK
TEL-0000023,RU-SEA-01,2026-08-27T20:50:00Z,-20.09,42.23,false,OK
TEL-0000024,RU-SEA-01,2026-08-27T20:55:00Z,-20.12,46.47,false,OK
TEL-0000025,RU-SEA-01,2026-08-27T21:00:00Z,-20.13,45.01,false,OK
TEL-0000026,RU-SEA-01,2026-08-27T21:05:00Z,-20.79,43.55,false,OK
TEL-0000027,RU-SEA-01,2026-08-27T21:10:00Z,-20.78,41.11,false,OK
TEL-0000028,RU-SEA-01,2026-08-27T21:15:00Z,-19.9,42.45,false,OK
TEL-0000029,RU-SEA-01,2026-08-27T21:20:00Z,-20.49,44.29,false,OK
TEL-0000030,RU-SEA-01,2026-08-27T21:25:00Z,-20.95,46.34,false,OK
TEL-0000031,RU-SEA-01,2026-08-27T21:30:00Z,-20.93,42.41,false,OK
TEL-0000032,RU-SEA-01,2026-08-27T21:35:00Z,-20.91,44.68,false,OK
TEL-0000033,RU-SEA-01,2026-08-27T21:40:00Z,-20.03,43.42,false,OK
TEL-0000034,RU-SEA-01,2026-08-27T21:45:00Z,-21.18,43.22,false,OK
TEL-0000035,RU-SEA-01,2026-08-27T21:50:00Z,-21.16,44.74,false,OK
TEL-0000036,RU-SEA-01,2026-08-27T21:55:00Z,-20.73,43.25,false,OK
TEL-0000037,RU-SEA-01,2026-08-27T22:00:00Z,-20.01,43.22,false,OK
TEL-0000038,RU-SEA-01,2026-08-27T22:05:00Z,-20.8,46.27,false,OK
TEL-0000039,RU-SEA-01,2026-08-27T22:10:00Z,-20.4,45.89,false,OK
TEL-0000040,RU-SEA-01,2026-08-27T22:15:00Z,-20.48,41.98,false,OK
TEL-0000041,RU-SEA-01,2026-08-27T22:20:00Z,-20.43,45.56,false,OK
TEL-0000042,RU-SEA-01,2026-08-27T22:25:00Z,-20.39,44.19,false,OK
TEL-0000043,RU-SEA-01,2026-08-27T22:30:00Z,-20.56,46.43,false,OK
TEL-0000044,RU-SEA-01,2026-08-27T22:35:00Z,-21.19,46.0,false,OK
TEL-0000045,RU-SEA-01,2026-08-27T22:40:00Z,-20.34,42.6,false,OK
TEL-0000046,RU-SEA-01,2026-08-27T22:45:00Z,-20.67,44.72,false,OK
TEL-0000047,RU-SEA-01,2026-08-27T22:50:00Z,-20.21,44.92,false,OK
TEL-0000048,RU-SEA-01,2026-08-27T22:55:00Z,-20.6,45.28,false,OK
TEL-0000049,RU-SEA-01,2026-08-27T23:00:00Z,-19.84,45.01,false,OK
TEL-0000050,RU-SEA-01,2026-08-27T23:05:00Z,-21.16,44.73,false,OK
TEL-0000051,RU-SEA-01,2026-08-27T23:10:00Z,-21.16,42.38,false,OK
TEL-0000052,RU-SEA-01,2026-08-27T23:15:00Z,-20.22,43.61,false,OK
TEL-0000053,RU-SEA-01,2026-08-27T23:20:00Z,-20.3,41.07,false,OK
TEL-0000054,RU-SEA-01,2026-08-27T23:25:00Z,-19.82,42.32,false,OK
TEL-0000055,RU-SEA-01,2026-08-27T23:30:00Z,-21.05,41.05,false,OK
TEL-0000056,RU-SEA-01,2026-08-27T23:35:00Z,-20.61,42.69,true,OK
TEL-0000057,RU-SEA-01,2026-08-27T23:40:00Z,-20.64,46.77,false,OK
TEL-0000058,RU-SEA-01,2026-08-27T23:45:00Z,-20.88,44.92,false,OK
TEL-0000059,RU-SEA-01,2026-08-27T23:50:00Z,-20.53,42.67,false,OK
TEL-0000060,RU-SEA-01,2026-08-27T23:55:00Z,-20.34,41.72,false,OK
TEL-0000061,RU-SEA-01,2026-08-28T00:00:00Z,-20.85,44.07,false,OK
TEL-0000062,RU-SEA-01,2026-08-28T00:05:00Z,-20.95,42.02,false,OK
TEL-0000063,RU-SEA-01,2026-08-28T00:10:00Z,-21.18,46.78,false,OK
TEL-0000064,RU-SEA-01,2026-08-28T00:15:00Z,-21.03,45.71,false,OK
TEL-0000065,RU-SEA-01,2026-08-28T00:20:00Z,-20.37,43.09,false,OK
TEL-0000066,RU-SEA-01,2026-08-28T00:25:00Z,-20.89,42.01,false,OK
TEL-0000067,RU-SEA-01,2026-08-28T00:30:00Z,-19.87,46.91,false,OK
TEL-0000068,RU-SEA-01,2026-08-28T00:35:00Z,-20.52,46.21,false,OK
TEL-0000069,RU-SEA-01,2026-08-28T00:40:00Z,-20.89,41.85,false,OK
TEL-0000070,RU-SEA-01,2026-08-28T00:45:00Z,-20.28,46.72,false,OK
TEL-0000071,RU-SEA-01,2026-08-28T00:50:00Z,-20.74,44.14,false,OK
TEL-0000072,RU-SEA-01,2026-08-28T00:55:00Z,-20.0,43.87,false,OK
TEL-0000073,RU-SEA-01,2026-08-28T01:00:00Z,-20.56,44.75,false,OK
TEL-0000074,RU-SEA-01,2026-08-28T01:05:00Z,-20.55,44.57,false,OK
TEL-0000075,RU-SEA-01,2026-08-28T01:10:00Z,-20.45,44.86,false,OK
TEL-0000076,RU-SEA-01,2026-08-28T01:15:00Z,-20.59,46.03,false,OK
TEL-0000077,RU-SEA-01,2026-08-28T01:20:00Z,-19.83,41.09,false,OK
TEL-0000078,RU-SEA-01,2026-08-28T01:25:00Z,-19.83,45.9,false,OK
TEL-0000079,RU-SEA-01,2026-08-28T01:30:00Z,-20.18,45.4,false,OK
TEL-0000080,RU-SEA-01,2026-08-28T01:35:00Z,-20.24,46.95,false,OK
TEL-0000081,RU-SEA-01,2026-08-28T01:40:00Z,-20.86,45.89,false,OK
TEL-0000082,RU-SEA-01,2026-08-28T01:45:00Z,-21.01,46.06,false,OK
TEL-0000083,RU-SEA-01,2026-08-28T01:50:00Z,-20.02,45.33,false,OK
TEL-0000084,RU-SEA-01,2026-08-28T01:55:00Z,-20.42,42.64,false,OK
TEL-0000085,RU-SEA-01,2026-08-28T02:00:00Z,-20.17,43.44,false,OK
TEL-0000086,RU-SEA-01,2026-08-28T02:05:00Z,-20.89,41.85,false,OK
TEL-0000087,RU-SEA-01,2026-08-28T02:10:00Z,-20.53,45.26,false,OK
TEL-0000088,RU-SEA-01,2026-08-28T02:15:00Z,-20.91,45.34,false,OK
TEL-0000089,RU-SEA-01,2026-08-28T02:20:00Z,-19.92,46.21,false,OK
TEL-0000090,RU-SEA-01,2026-08-28T02:25:00Z,-20.77,42.49,false,OK
TEL-0000091,RU-SEA-01,2026-08-28T02:30:00Z,-20.02,44.05,false,OK
TEL-0000092,RU-SEA-01,2026-08-28T02:35:00Z,-19.88,46.59,false,OK
TEL-0000093,RU-SEA-01,2026-08-28T02:40:00Z,-20.76,41.4,false,OK
TEL-0000094,RU-SEA-01,2026-08-28T02:45:00Z,-20.61,45.95,false,OK
TEL-0000095,RU-SEA-01,2026-08-28T02:50:00Z,-20.96,45.56,false,OK
TEL-0000096,RU-SEA-01,2026-08-28T02:55:00Z,-20.58,46.37,false,OK
TEL-0000097,RU-SEA-01,2026-08-28T03:00:00Z,-20.87,46.9,false,OK
TEL-0000098,RU-SEA-01,2026-08-28T03:05:00Z,-20.11,41.62,false,OK
TEL-0000099,RU-SEA-01,2026-08-28T03:10:00Z,-20.61,44.64,false,OK
TEL-0000100,RU-SEA-01,2026-08-28T03:15:00Z,-20.32,46.3,false,OK
TEL-0000101,RU-SEA-01,2026-08-28T03:20:00Z,-20.86,45.94,false,OK
TEL-0000102,RU-SEA-01,2026-08-28T03:25:00Z,-21.14,42.09,false,OK
TEL-0000103,RU-SEA-01,2026-08-28T03:30:00Z,-20.94,42.9,false,OK
TEL-0000104,RU-SEA-01,2026-08-28T03:35:00Z,-20.44,44.01,false,OK
TEL-0000105,RU-SEA-01,2026-08-28T03:40:00Z,-20.63,42.8,false,OK
TEL-0000106,RU-SEA-01,2026-08-28T03:45:00Z,-21.16,42.81,false,OK
TEL-0000107,RU-SEA-01,2026-08-28T03:50:00Z,-20.61,42.75,false,OK
TEL-0000108,RU-SEA-01,2026-08-28T03:55:00Z,-19.94,44.77,false,OK
TEL-0000109,RU-SEA-01,2026-08-28T04:00:00Z,-20.07,46.26,false,OK
TEL-0000110,RU-SEA-01,2026-08-28T04:05:00Z,-21.1,41.54,false,OK
TEL-0000111,RU-SEA-01,2026-08-28T04:10:00Z,-20.61,44.85,false,OK
TEL-0000112,RU-SEA-01,2026-08-28T04:15:00Z,-20.34,41.39,false,OK
TEL-0000113,RU-SEA-01,2026-08-28T04:20:00Z,-19.99,41.64,false,OK
TEL-0000114,RU-SEA-01,2026-08-28T04:25:00Z,-19.99,43.61,false,OK
TEL-0000115,RU-SEA-01,2026-08-28T04:30:00Z,-20.4,46.15,false,OK
TEL-0000116,RU-SEA-01,2026-08-28T04:35:00Z,-20.5,43.44,false,OK
TEL-0000117,RU-SEA-01,2026-08-28T04:40:00Z,-20.23,41.12,true,OK
TEL-0000118,RU-SEA-01,2026-08-28T04:45:00Z,-20.88,43.3,false,OK
TEL-0000119,RU-SEA-01,2026-08-28T04:50:00Z,-20.82,42.85,false,OK
TEL-0000120,RU-SEA-01,2026-08-28T04:55:00Z,-20.37,44.27,false,OK
TEL-0000121,RU-SEA-01,2026-08-28T05:00:00Z,-20.51,46.55,false,OK
TEL-0000122,RU-SEA-01,2026-08-28T05:05:00Z,-20.21,43.86,false,OK
TEL-0000123,RU-SEA-01,2026-08-28T05:10:00Z,-20.55,43.83,false,OK
TEL-0000124,RU-SEA-01,2026-08-28T05:15:00Z,-20.08,46.45,false,OK
TEL-0000125,RU-SEA-01,2026-08-28T05:20:00Z,-19.85,45.56,false,OK
TEL-0000126,RU-SEA-01,2026-08-28T05:25:00Z,-20.11,41.4,false,OK
TEL-0000127,RU-SEA-01,2026-08-28T05:30:00Z,-20.24,41.81,false,OK
TEL-0000128,RU-SEA-01,2026-08-28T05:35:00Z,-20.15,44.1,false,OK
TEL-0000129,RU-SEA-01,2026-08-28T05:40:00Z,-21.09,46.07,false,OK
TEL-0000130,RU-SEA-01,2026-08-28T05:45:00Z,-20.76,44.94,false,OK
TEL-0000131,RU-SEA-01,2026-08-28T05:50:00Z,-20.84,41.42,false,OK
TEL-0000132,RU-SEA-01,2026-08-28T05:55:00Z,-20.01,43.79,false,OK
TEL-0000133,RU-SEA-01,2026-08-28T06:00:00Z,-20.49,44.73,false,OK
TEL-0000134,RU-SEA-01,2026-08-28T06:05:00Z,-20.5,44.49,false,OK
TEL-0000135,RU-SEA-01,2026-08-28T06:10:00Z,-20.91,42.25,false,OK
TEL-0000136,RU-SEA-01,2026-08-28T06:15:00Z,-20.14,43.94,false,OK
TEL-0000137,RU-SEA-01,2026-08-28T06:20:00Z,-21.0,45.47,false,OK
TEL-0000138,RU-SEA-01,2026-08-28T06:25:00Z,-20.17,43.17,false,OK
TEL-0000139,RU-SEA-01,2026-08-28T06:30:00Z,-21.07,46.2,false,OK
TEL-0000140,RU-SEA-01,2026-08-28T06:35:00Z,-20.04,43.96,false,OK
TEL-0000141,RU-SEA-01,2026-08-28T06:40:00Z,-21.1,44.64,false,OK
TEL-0000142,RU-SEA-01,2026-08-28T06:45:00Z,-21.03,44.33,false,OK
TEL-0000143,RU-SEA-01,2026-08-28T06:50:00Z,-20.34,45.44,false,OK
TEL-0000144,RU-SEA-01,2026-08-28T06:55:00Z,-21.06,43.27,false,OK
TEL-0000145,RU-SEA-01,2026-08-28T07:00:00Z,-21.0,45.99,false,OK
TEL-0000146,RU-SEA-01,2026-08-28T07:05:00Z,-20.55,42.05,false,OK
TEL-0000147,RU-SEA-01,2026-08-28T07:10:00Z,-20.7,41.82,false,OK
TEL-0000148,RU-SEA-01,2026-08-28T07:15:00Z,-20.71,42.07,false,OK
TEL-0000149,RU-SEA-01,2026-08-28T07:20:00Z,-20.26,44.2,false,OK
TEL-0000150,RU-SEA-01,2026-08-28T07:25:00Z,-19.93,45.71,false,OK
TEL-0000151,RU-SEA-01,2026-08-28T07:30:00Z,-20.42,42.64,false,OK
TEL-0000152,RU-SEA-01,2026-08-28T07:35:00Z,-20.84,41.7,false,OK
TEL-0000153,RU-SEA-01,2026-08-28T07:40:00Z,-20.73,42.54,false,OK
TEL-0000154,RU-SEA-01,2026-08-28T07:45:00Z,-20.13,42.84,false,OK
TEL-0000155,RU-SEA-01,2026-08-28T07:50:00Z,-19.9,41.18,false,OK
TEL-0000156,RU-SEA-01,2026-08-28T07:55:00Z,-20.4,43.56,false,OK
TEL-0000157,RU-SEA-01,2026-08-28T08:00:00Z,-20.06,43.72,false,OK
TEL-0000158,RU-SEA-01,2026-08-28T08:05:00Z,-20.06,43.13,false,OK
TEL-0000159,RU-SEA-01,2026-08-28T08:10:00Z,-20.97,41.33,false,OK
TEL-0000160,RU-SEA-01,2026-08-28T08:15:00Z,-19.98,42.38,false,OK
TEL-0000161,RU-SEA-01,2026-08-28T08:20:00Z,-20.63,43.46,false,OK
TEL-0000162,RU-SEA-01,2026-08-28T08:25:00Z,-19.86,46.65,true,OK
TEL-0000163,RU-SEA-01,2026-08-28T08:30:00Z,-20.79,42.88,false,OK
TEL-0000164,RU-SEA-01,2026-08-28T08:35:00Z,-21.15,46.92,false,OK
TEL-0000165,RU-SEA-01,2026-08-28T08:40:00Z,-20.05,46.32,false,OK
TEL-0000166,RU-SEA-01,2026-08-28T08:45:00Z,-21.0,43.66,false,OK
TEL-0000167,RU-SEA-01,2026-08-28T08:50:00Z,-20.87,42.94,false,OK
TEL-0000168,RU-SEA-01,2026-08-28T08:55:00Z,-20.7,43.57,false,OK
TEL-0000169,RU-SEA-01,2026-08-28T09:00:00Z,-21.08,41.74,false,OK
TEL-0000170,RU-SEA-01,2026-08-28T09:05:00Z,-21.01,43.28,false,OK
TEL-0000171,RU-SEA-01,2026-08-28T09:10:00Z,-20.73,41.18,false,OK
TEL-0000172,RU-SEA-01,2026-08-28T09:15:00Z,-20.02,46.85,false,OK
TEL-0000173,RU-SEA-01,2026-08-28T09:20:00Z,-19.92,43.42,false,OK
TEL-0000174,RU-SEA-01,2026-08-28T09:25:00Z,-20.01,43.94,false,OK
TEL-0000175,RU-SEA-01,2026-08-28T09:30:00Z,-21.0,46.49,false,OK
TEL-0000176,RU-SEA-01,2026-08-28T09:35:00Z,-20.52,46.01,false,OK
TEL-0000177,RU-SEA-01,2026-08-28T09:40:00Z,-20.09,44.34,false,OK
TEL-0000178,RU-SEA-01,2026-08-28T09:45:00Z,-20.2,46.05,false,OK
TEL-0000179,RU-SEA-01,2026-08-28T09:50:00Z,-20.97,42.41,false,OK
TEL-0000180,RU-SEA-01,2026-08-28T09:55:00Z,-20.31,41.76,false,OK
TEL-0000181,RU-SEA-01,2026-08-28T10:00:00Z,-20.98,43.97,false,OK
TEL-0000182,RU-SEA-01,2026-08-28T10:05:00Z,-20.99,46.94,false,OK
TEL-0000183,RU-SEA-01,2026-08-28T10:10:00Z,-20.55,45.72,false,OK
TEL-0000184,RU-SEA-01,2026-08-28T10:15:00Z,-21.18,44.15,false,OK
TEL-0000185,RU-SEA-01,2026-08-28T10:20:00Z,-21.15,43.72,false,OK
TEL-0000186,RU-SEA-01,2026-08-28T10:25:00Z,-20.8,41.89,false,OK
TEL-0000187,RU-SEA-01,2026-08-28T10:30:00Z,-19.97,43.8,false,OK
TEL-0000188,RU-SEA-01,2026-08-28T10:35:00Z,-20.86,43.94,false,OK
TEL-0000189,RU-SEA-01,2026-08-28T10:40:00Z,-20.79,46.11,false,OK
TEL-0000190,RU-SEA-01,2026-08-28T10:45:00Z,-20.38,46.94,false,OK
TEL-0000191,RU-SEA-01,2026-08-28T10:50:00Z,-20.19,46.03,false,OK
TEL-0000192,RU-SEA-01,2026-08-28T10:55:00Z,-21.03,44.55,false,OK
TEL-0000193,RU-SEA-01,2026-08-28T11:00:00Z,-20.83,46.52,false,OK
TEL-0000194,RU-SEA-01,2026-08-28T11:05:00Z,-20.2,44.17,false,OK
TEL-0000195,RU-SEA-01,2026-08-28T11:10:00Z,-20.02,43.89,false,OK
TEL-0000196,RU-SEA-01,2026-08-28T11:15:00Z,-20.2,45.0,false,OK
TEL-0000197,RU-SEA-01,2026-08-28T11:20:00Z,-20.15,43.86,false,OK
TEL-0000198,RU-SEA-01,2026-08-28T11:25:00Z,-20.35,45.72,false,OK
TEL-0000199,RU-SEA-01,2026-08-28T11:30:00Z,-20.67,43.85,false,OK
TEL-0000200,RU-SEA-01,2026-08-28T11:35:00Z,-20.73,46.22,true,OK
TEL-0000201,RU-SEA-01,2026-08-28T11:40:00Z,-20.66,46.82,false,OK
TEL-0000202,RU-SEA-01,2026-08-28T11:45:00Z,-20.16,43.59,false,OK
TEL-0000203,RU-SEA-01,2026-08-28T11:50:00Z,-21.19,46.34,false,OK
TEL-0000204,RU-SEA-01,2026-08-28T11:55:00Z,-20.13,45.5,false,OK
TEL-0000205,RU-SEA-01,2026-08-28T12:00:00Z,-20.11,46.9,false,OK
TEL-0000206,RU-SEA-01,2026-08-28T12:05:00Z,-20.01,46.25,false,OK
TEL-0000207,RU-SEA-01,2026-08-28T12:10:00Z,-20.41,44.12,false,OK
TEL-0000208,RU-SEA-01,2026-08-28T12:15:00Z,-20.48,41.95,false,OK
TEL-0000209,RU-SEA-01,2026-08-28T12:20:00Z,-21.03,41.43,false,OK
TEL-0000210,RU-SEA-01,2026-08-28T12:25:00Z,-20.23,43.4,false,OK
TEL-0000211,RU-SEA-01,2026-08-28T12:30:00Z,-20.61,41.87,false,OK
TEL-0000212,RU-SEA-01,2026-08-28T12:35:00Z,-21.02,41.01,false,OK
TEL-0000213,RU-SEA-01,2026-08-28T12:40:00Z,-20.0,45.53,false,OK
TEL-0000214,RU-SEA-01,2026-08-28T12:45:00Z,-20.03,44.93,false,OK
TEL-0000215,RU-SEA-01,2026-08-28T12:50:00Z,-20.12,45.2,false,OK
TEL-0000216,RU-SEA-01,2026-08-28T12:55:00Z,-20.6,42.75,false,OK
TEL-0000217,RU-SEA-01,2026-08-28T13:00:00Z,-21.2,46.52,false,OK
TEL-0000218,RU-SEA-01,2026-08-28T13:05:00Z,-20.81,46.09,false,OK
TEL-0000219,RU-SEA-01,2026-08-28T13:10:00Z,-20.29,43.09,false,OK
TEL-0000220,RU-SEA-01,2026-08-28T13:15:00Z,-20.57,44.29,false,OK
TEL-0000221,RU-SEA-01,2026-08-28T13:20:00Z,-19.96,43.94,false,OK
TEL-0000222,RU-SEA-01,2026-08-28T13:25:00Z,-20.94,43.38,false,OK
TEL-0000223,RU-SEA-01,2026-08-28T13:30:00Z,-20.78,45.93,false,OK
TEL-0000224,RU-SEA-01,2026-08-28T13:35:00Z,-20.34,42.96,false,OK
TEL-0000225,RU-SEA-01,2026-08-28T13:40:00Z,-20.66,46.07,false,OK
TEL-0000226,RU-SEA-01,2026-08-28T13:45:00Z,-20.39,44.62,false,OK
TEL-0000227,RU-SEA-01,2026-08-28T13:50:00Z,-21.0,45.41,false,OK
TEL-0000228,RU-SEA-01,2026-08-28T13:55:00Z,-20.1,46.8,false,OK
TEL-0000229,RU-SEA-01,2026-08-28T14:00:00Z,-20.59,46.74,false,OK
TEL-0000230,RU-SEA-01,2026-08-28T14:05:00Z,-20.06,44.69,false,OK
TEL-0000231,RU-SEA-01,2026-08-28T14:10:00Z,-20.0,41.7,false,OK
TEL-0000232,RU-SEA-01,2026-08-28T14:15:00Z,-20.12,45.07,false,OK
TEL-0000233,RU-SEA-01,2026-08-28T14:20:00Z,-20.21,44.74,false,OK
TEL-0000234,RU-SEA-01,2026-08-28T14:25:00Z,-20.45,46.59,false,OK
TEL-0000235,RU-SEA-01,2026-08-28T14:30:00Z,-19.92,45.17,false,OK
TEL-0000236,RU-SEA-01,2026-08-28T14:35:00Z,-20.7,46.98,false,OK
TEL-0000237,RU-SEA-01,2026-08-28T14:40:00Z,-19.99,45.1,false,OK
TEL-0000238,RU-SEA-01,2026-08-28T14:45:00Z,-20.2,45.93,false,OK
TEL-0000239,RU-SEA-01,2026-08-28T14:50:00Z,-20.21,42.85,false,OK
TEL-0000240,RU-SEA-01,2026-08-28T14:55:00Z,-20.7,42.04,false,OK
TEL-0000241,RU-SEA-01,2026-08-28T15:00:00Z,-20.29,46.8,false,OK
TEL-0000242,RU-SEA-01,2026-08-28T15:05:00Z,-20.94,43.36,false,OK
TEL-0000243,RU-SEA-01,2026-08-28T15:10:00Z,-19.88,42.09,false,OK
TEL-0000244,RU-SEA-01,2026-08-28T15:15:00Z,-20.47,41.79,false,OK
TEL-0000245,RU-SEA-01,2026-08-28T15:20:00Z,-21.13,42.6,false,OK
TEL-0000246,RU-SEA-01,2026-08-28T15:25:00Z,-20.7,43.77,false,OK
TEL-0000247,RU-SEA-01,2026-08-28T15:30:00Z,-21.16,41.41,false,OK
TEL-0000248,RU-SEA-01,2026-08-28T15:35:00Z,-21.15,44.24,false,OK
TEL-0000249,RU-SEA-01,2026-08-28T15:40:00Z,-20.36,43.65,false,OK
TEL-0000250,RU-SEA-01,2026-08-28T15:45:00Z,-21.17,41.93,false,OK
TEL-0000251,RU-SEA-01,2026-08-28T15:50:00Z,-20.47,44.87,false,OK
TEL-0000252,RU-SEA-01,2026-08-28T15:55:00Z,-20.11,41.62,false,OK
TEL-0000253,RU-SEA-01,2026-08-28T16:00:00Z,-19.9,45.39,false,OK
TEL-0000254,RU-SEA-01,2026-08-28T16:05:00Z,-21.0,44.83,false,OK
TEL-0000255,RU-SEA-01,2026-08-28T16:10:00Z,-20.85,41.86,false,OK
TEL-0000256,RU-SEA-01,2026-08-28T16:15:00Z,-20.63,45.44,false,OK
TEL-0000257,RU-SEA-01,2026-08-28T16:20:00Z,-20.9,43.72,false,OK
TEL-0000258,RU-SEA-01,2026-08-28T16:25:00Z,-19.98,46.81,false,OK
TEL-0000259,RU-SEA-01,2026-08-28T16:30:00Z,-19.91,45.8,false,OK
TEL-0000260,RU-SEA-01,2026-08-28T16:35:00Z,-21.19,42.94,false,OK
TEL-0000261,RU-SEA-01,2026-08-28T16:40:00Z,-20.63,43.17,false,OK
TEL-0000262,RU-SEA-01,2026-08-28T16:45:00Z,-20.96,44.27,false,OK
TEL-0000263,RU-SEA-01,2026-08-28T16:50:00Z,-20.5,45.97,false,OK
TEL-0000264,RU-SEA-01,2026-08-28T16:55:00Z,-20.62,41.87,false,OK
TEL-0000265,RU-SEA-01,2026-08-28T17:00:00Z,-21.09,44.62,false,OK
TEL-0000266,RU-SEA-01,2026-08-28T17:05:00Z,-20.72,44.99,false,OK
TEL-0000267,RU-SEA-01,2026-08-28T17:10:00Z,-20.41,44.36,false,OK
TEL-0000268,RU-SEA-01,2026-08-28T17:15:00Z,-20.52,46.11,false,OK
TEL-0000269,RU-SEA-01,2026-08-28T17:20:00Z,-21.13,45.75,false,OK
TEL-0000270,RU-SEA-01,2026-08-28T17:25:00Z,-19.9,41.09,false,OK
TEL-0000271,RU-SEA-01,2026-08-28T17:30:00Z,-20.07,44.45,false,OK
TEL-0000272,RU-SEA-01,2026-08-28T17:35:00Z,-21.12,43.26,false,OK
TEL-0000273,RU-SEA-01,2026-08-28T17:40:00Z,-19.96,43.18,false,OK
TEL-0000274,RU-SEA-01,2026-08-28T17:45:00Z,-20.74,44.52,false,OK
TEL-0000275,RU-SEA-01,2026-08-28T17:50:00Z,-20.37,42.12,false,OK
TEL-0000276,RU-SEA-01,2026-08-28T17:55:00Z,-20.94,43.74,false,OK
TEL-0000277,RU-SEA-01,2026-08-28T18:00:00Z,-20.89,41.71,false,OK
TEL-0000278,RU-SEA-01,2026-08-28T18:05:00Z,-19.92,41.76,false,OK
TEL-0000279,RU-SEA-01,2026-08-28T18:10:00Z,-14.18,44.65,true,OK
TEL-0000280,RU-SEA-01,2026-08-28T18:15:00Z,-13.89,45.63,true,OK
TEL-0000281,RU-SEA-01,2026-08-28T18:20:00Z,-13.7,45.37,true,OK
TEL-0000282,RU-SEA-01,2026-08-28T18:25:00Z,-14.16,42.08,true,OK
TEL-0000283,RU-SEA-01,2026-08-28T18:30:00Z,-13.86,45.03,true,OK
TEL-0000284,RU-SEA-01,2026-08-28T18:35:00Z,-13.89,45.28,true,OK
TEL-0000285,RU-SEA-01,2026-08-28T18:40:00Z,-13.86,42.27,true,OK
TEL-0000286,RU-SEA-01,2026-08-28T18:45:00Z,-14.1,43.65,true,OK
TEL-0000287,RU-SEA-01,2026-08-28T18:50:00Z,-20.22,44.5,false,OK
TEL-0000288,RU-SEA-01,2026-08-28T18:55:00Z,-20.91,42.5,false,OK
TEL-0000289,RU-SEA-01,2026-08-28T19:00:00Z,-21.11,45.93,false,OK
TEL-0000290,RU-SEA-02,2026-08-27T19:00:00Z,-20.86,43.77,false,OK
TEL-0000291,RU-SEA-02,2026-08-27T19:05:00Z,-20.13,46.54,false,OK
TEL-0000292,RU-SEA-02,2026-08-27T19:10:00Z,-21.03,44.69,false,OK
TEL-0000293,RU-SEA-02,2026-08-27T19:15:00Z,-21.11,43.17,false,OK
TEL-0000294,RU-SEA-02,2026-08-27T19:20:00Z,-21.2,45.33,false,OK
TEL-0000295,RU-SEA-02,2026-08-27T19:25:00Z,-20.0,46.33,false,OK
TEL-0000296,RU-SEA-02,2026-08-27T19:30:00Z,-20.89,41.48,false,OK
TEL-0000297,RU-SEA-02,2026-08-27T19:35:00Z,-20.73,41.83,false,OK
TEL-0000298,RU-SEA-02,2026-08-27T19:40:00Z,-20.19,45.28,false,OK
TEL-0000299,RU-SEA-02,2026-08-27T19:45:00Z,-21.04,41.89,false,OK
TEL-0000300,RU-SEA-02,2026-08-27T19:50:00Z,-21.17,45.2,false,OK
TEL-0000301,RU-SEA-02,2026-08-27T19:55:00Z,-20.73,43.52,false,OK
TEL-0000302,RU-SEA-02,2026-08-27T20:00:00Z,-20.31,42.41,false,OK
TEL-0000303,RU-SEA-02,2026-08-27T20:05:00Z,-20.97,44.61,false,OK
TEL-0000304,RU-SEA-02,2026-08-27T20:10:00Z,-20.18,44.76,false,OK
TEL-0000305,RU-SEA-02,2026-08-27T20:15:00Z,-19.93,41.27,false,OK
TEL-0000306,RU-SEA-02,2026-08-27T20:20:00Z,-21.04,46.99,false,OK
TEL-0000307,RU-SEA-02,2026-08-27T20:25:00Z,-20.91,46.01,false,OK
TEL-0000308,RU-SEA-02,2026-08-27T20:30:00Z,-19.99,43.27,false,OK
TEL-0000309,RU-SEA-02,2026-08-27T20:35:00Z,-20.5,42.99,false,OK
TEL-0000310,RU-SEA-02,2026-08-27T20:40:00Z,-20.62,44.6,false,OK
TEL-0000311,RU-SEA-02,2026-08-27T20:45:00Z,-21.02,42.36,false,OK
TEL-0000312,RU-SEA-02,2026-08-27T20:50:00Z,-21.12,45.07,false,OK
TEL-0000313,RU-SEA-02,2026-08-27T20:55:00Z,-20.66,45.56,false,OK
TEL-0000314,RU-SEA-02,2026-08-27T21:00:00Z,-19.88,42.0,false,OK
TEL-0000315,RU-SEA-02,2026-08-27T21:05:00Z,-20.82,45.53,false,OK
TEL-0000316,RU-SEA-02,2026-08-27T21:10:00Z,-19.83,46.59,false,OK
TEL-0000317,RU-SEA-02,2026-08-27T21:15:00Z,-21.18,46.63,false,OK
TEL-0000318,RU-SEA-02,2026-08-27T21:20:00Z,-19.9,45.11,false,OK
TEL-0000319,RU-SEA-02,2026-08-27T21:25:00Z,-19.8,44.47,false,OK
TEL-0000320,RU-SEA-02,2026-08-27T21:30:00Z,-21.02,42.87,false,OK
TEL-0000321,RU-SEA-02,2026-08-27T21:35:00Z,-21.07,45.95,false,OK
TEL-0000322,RU-SEA-02,2026-08-27T21:40:00Z,-20.7,46.77,false,OK
TEL-0000323,RU-SEA-02,2026-08-27T21:45:00Z,-20.98,41.04,false,OK
TEL-0000324,RU-SEA-02,2026-08-27T21:50:00Z,-20.8,44.27,false,OK
TEL-0000325,RU-SEA-02,2026-08-27T21:55:00Z,-20.39,45.36,false,OK
TEL-0000326,RU-SEA-02,2026-08-27T22:00:00Z,-20.6,42.32,false,OK
TEL-0000327,RU-SEA-02,2026-08-27T22:05:00Z,-20.06,46.66,false,OK
TEL-0000328,RU-SEA-02,2026-08-27T22:10:00Z,-19.92,46.25,false,OK
TEL-0000329,RU-SEA-02,2026-08-27T22:15:00Z,-21.01,46.06,false,OK
TEL-0000330,RU-SEA-02,2026-08-27T22:20:00Z,-20.17,43.04,false,OK
TEL-0000331,RU-SEA-02,2026-08-27T22:25:00Z,-20.16,44.78,false,OK
TEL-0000332,RU-SEA-02,2026-08-27T22:30:00Z,-20.76,44.57,false,OK
TEL-0000333,RU-SEA-02,2026-08-27T22:35:00Z,-20.0,46.09,false,OK
TEL-0000334,RU-SEA-02,2026-08-27T22:40:00Z,-20.77,45.94,false,OK
TEL-0000335,RU-SEA-02,2026-08-27T22:45:00Z,-20.38,42.38,false,OK
TEL-0000336,RU-SEA-02,2026-08-27T22:50:00Z,-20.49,42.82,false,OK
TEL-0000337,RU-SEA-02,2026-08-27T22:55:00Z,-20.77,45.28,false,OK
TEL-0000338,RU-SEA-02,2026-08-27T23:00:00Z,-20.61,42.19,false,OK
TEL-0000339,RU-SEA-02,2026-08-27T23:05:00Z,-20.34,41.77,false,OK
TEL-0000340,RU-SEA-02,2026-08-27T23:10:00Z,-20.46,43.42,false,OK
TEL-0000341,RU-SEA-02,2026-08-27T23:15:00Z,-20.52,43.71,false,OK
TEL-0000342,RU-SEA-02,2026-08-27T23:20:00Z,-20.35,43.03,false,OK
TEL-0000343,RU-SEA-02,2026-08-27T23:25:00Z,-20.82,42.67,false,OK
TEL-0000344,RU-SEA-02,2026-08-27T23:30:00Z,-20.96,43.68,false,OK
TEL-0000345,RU-SEA-02,2026-08-27T23:35:00Z,-19.92,43.33,false,OK
TEL-0000346,RU-SEA-02,2026-08-27T23:40:00Z,-19.93,42.82,false,OK
TEL-0000347,RU-SEA-02,2026-08-27T23:45:00Z,-20.48,41.67,false,OK
TEL-0000348,RU-SEA-02,2026-08-27T23:50:00Z,-21.17,44.99,false,OK
TEL-0000349,RU-SEA-02,2026-08-27T23:55:00Z,-20.68,44.45,false,OK
TEL-0000350,RU-SEA-02,2026-08-28T00:00:00Z,-20.38,46.78,false,OK
TEL-0000351,RU-SEA-02,2026-08-28T00:05:00Z,-19.94,41.02,false,OK
TEL-0000352,RU-SEA-02,2026-08-28T00:10:00Z,-20.44,46.77,false,OK
TEL-0000353,RU-SEA-02,2026-08-28T00:15:00Z,-20.95,43.41,false,OK
TEL-0000354,RU-SEA-02,2026-08-28T00:20:00Z,-20.9,42.15,false,OK
TEL-0000355,RU-SEA-02,2026-08-28T00:25:00Z,-20.31,41.97,false,OK
TEL-0000356,RU-SEA-02,2026-08-28T00:30:00Z,-20.52,46.47,false,OK
TEL-0000357,RU-SEA-02,2026-08-28T00:35:00Z,-20.09,42.96,false,OK
TEL-0000358,RU-SEA-02,2026-08-28T00:40:00Z,-20.59,44.1,false,OK
TEL-0000359,RU-SEA-02,2026-08-28T00:45:00Z,-20.78,43.66,false,OK
TEL-0000360,RU-SEA-02,2026-08-28T00:50:00Z,-19.99,45.63,false,OK
TEL-0000361,RU-SEA-02,2026-08-28T00:55:00Z,-21.12,41.47,false,OK
TEL-0000362,RU-SEA-02,2026-08-28T01:00:00Z,-20.66,41.52,false,OK
TEL-0000363,RU-SEA-02,2026-08-28T01:05:00Z,-19.98,44.53,false,OK
TEL-0000364,RU-SEA-02,2026-08-28T01:10:00Z,-20.5,46.78,false,OK
TEL-0000365,RU-SEA-02,2026-08-28T01:15:00Z,-20.34,45.62,false,OK
TEL-0000366,RU-SEA-02,2026-08-28T01:20:00Z,-20.57,44.36,false,OK
TEL-0000367,RU-SEA-02,2026-08-28T01:25:00Z,-20.09,41.12,false,OK
TEL-0000368,RU-SEA-02,2026-08-28T01:30:00Z,-21.0,46.5,false,OK
TEL-0000369,RU-SEA-02,2026-08-28T01:35:00Z,-20.99,46.42,false,OK
TEL-0000370,RU-SEA-02,2026-08-28T01:40:00Z,-19.92,45.53,false,OK
TEL-0000371,RU-SEA-02,2026-08-28T01:45:00Z,-20.17,46.34,false,OK
TEL-0000372,RU-SEA-02,2026-08-28T01:50:00Z,-20.91,41.21,false,OK
TEL-0000373,RU-SEA-02,2026-08-28T01:55:00Z,-20.29,46.83,false,OK
TEL-0000374,RU-SEA-02,2026-08-28T02:00:00Z,-20.19,42.12,false,OK
TEL-0000375,RU-SEA-02,2026-08-28T02:05:00Z,-21.19,41.98,false,OK
TEL-0000376,RU-SEA-02,2026-08-28T02:10:00Z,-20.06,43.9,false,OK
TEL-0000377,RU-SEA-02,2026-08-28T02:15:00Z,-20.67,46.94,false,OK
TEL-0000378,RU-SEA-02,2026-08-28T02:20:00Z,-20.26,41.32,false,OK
TEL-0000379,RU-SEA-02,2026-08-28T02:25:00Z,-20.21,46.44,false,OK
TEL-0000380,RU-SEA-02,2026-08-28T02:30:00Z,-20.55,43.97,false,OK
TEL-0000381,RU-SEA-02,2026-08-28T02:35:00Z,-20.74,41.75,false,OK
TEL-0000382,RU-SEA-02,2026-08-28T02:40:00Z,-20.02,46.16,false,OK
TEL-0000383,RU-SEA-02,2026-08-28T02:45:00Z,-20.7,44.68,false,OK
TEL-0000384,RU-SEA-02,2026-08-28T02:50:00Z,-21.06,45.42,false,OK
TEL-0000385,RU-SEA-02,2026-08-28T02:55:00Z,-20.86,42.4,false,OK
TEL-0000386,RU-SEA-02,2026-08-28T03:00:00Z,-19.81,43.47,false,OK
TEL-0000387,RU-SEA-02,2026-08-28T03:05:00Z,-20.86,41.9,false,OK
TEL-0000388,RU-SEA-02,2026-08-28T03:10:00Z,-20.17,45.46,false,OK
TEL-0000389,RU-SEA-02,2026-08-28T03:15:00Z,-20.99,41.75,false,OK
TEL-0000390,RU-SEA-02,2026-08-28T03:20:00Z,-20.02,43.45,false,OK
TEL-0000391,RU-SEA-02,2026-08-28T03:25:00Z,-20.36,46.15,false,OK
TEL-0000392,RU-SEA-02,2026-08-28T03:30:00Z,-20.57,44.67,false,OK
TEL-0000393,RU-SEA-02,2026-08-28T03:35:00Z,-19.84,46.05,false,OK
TEL-0000394,RU-SEA-02,2026-08-28T03:40:00Z,-19.83,41.08,false,OK
TEL-0000395,RU-SEA-02,2026-08-28T03:45:00Z,-20.31,46.1,false,OK
TEL-0000396,RU-SEA-02,2026-08-28T03:50:00Z,-20.87,44.99,false,OK
TEL-0000397,RU-SEA-02,2026-08-28T03:55:00Z,-20.61,44.75,false,OK
TEL-0000398,RU-SEA-02,2026-08-28T04:00:00Z,-20.64,44.14,false,OK
TEL-0000399,RU-SEA-02,2026-08-28T04:05:00Z,-20.88,41.38,false,OK
TEL-0000400,RU-SEA-02,2026-08-28T04:10:00Z,-20.99,43.29,false,OK
TEL-0000401,RU-SEA-02,2026-08-28T04:15:00Z,-20.01,41.98,false,OK
TEL-0000402,RU-SEA-02,2026-08-28T04:20:00Z,-20.76,45.33,false,OK
TEL-0000403,RU-SEA-02,2026-08-28T04:25:00Z,-19.88,46.06,false,OK
TEL-0000404,RU-SEA-02,2026-08-28T04:30:00Z,-20.0,46.98,false,OK
TEL-0000405,RU-SEA-02,2026-08-28T04:35:00Z,-21.07,45.66,false,OK
TEL-0000406,RU-SEA-02,2026-08-28T04:40:00Z,-20.55,46.39,false,OK
TEL-0000407,RU-SEA-02,2026-08-28T04:45:00Z,-19.92,41.27,false,OK
TEL-0000408,RU-SEA-02,2026-08-28T04:50:00Z,-20.12,42.57,false,OK
TEL-0000409,RU-SEA-02,2026-08-28T04:55:00Z,-20.76,41.77,false,OK
TEL-0000410,RU-SEA-02,2026-08-28T05:00:00Z,-20.88,41.02,false,OK
TEL-0000411,RU-SEA-02,2026-08-28T05:05:00Z,-20.36,41.53,false,OK
TEL-0000412,RU-SEA-02,2026-08-28T05:10:00Z,-20.12,43.42,false,OK
TEL-0000413,RU-SEA-02,2026-08-28T05:15:00Z,-20.16,41.52,false,OK
TEL-0000414,RU-SEA-02,2026-08-28T05:20:00Z,-20.72,46.34,false,OK
TEL-0000415,RU-SEA-02,2026-08-28T05:25:00Z,-20.14,44.18,false,OK
TEL-0000416,RU-SEA-02,2026-08-28T05:30:00Z,-20.99,44.77,false,OK
TEL-0000417,RU-SEA-02,2026-08-28T05:35:00Z,-20.89,41.38,false,OK
TEL-0000418,RU-SEA-02,2026-08-28T05:40:00Z,-20.06,45.54,false,OK
TEL-0000419,RU-SEA-02,2026-08-28T05:45:00Z,-19.83,43.95,false,OK
TEL-0000420,RU-SEA-02,2026-08-28T05:50:00Z,-20.08,44.06,false,OK
TEL-0000421,RU-SEA-02,2026-08-28T05:55:00Z,-20.02,43.79,false,OK
TEL-0000422,RU-SEA-02,2026-08-28T06:00:00Z,-20.67,46.63,false,OK
TEL-0000423,RU-SEA-02,2026-08-28T06:05:00Z,-20.36,44.96,false,OK
TEL-0000424,RU-SEA-02,2026-08-28T06:10:00Z,-21.15,42.24,false,OK
TEL-0000425,RU-SEA-02,2026-08-28T06:15:00Z,-21.11,41.15,false,OK
TEL-0000426,RU-SEA-02,2026-08-28T06:20:00Z,-20.61,43.65,false,OK
TEL-0000427,RU-SEA-02,2026-08-28T06:25:00Z,-20.79,42.09,false,OK
TEL-0000428,RU-SEA-02,2026-08-28T06:30:00Z,-20.01,41.24,false,OK
TEL-0000429,RU-SEA-02,2026-08-28T06:35:00Z,-21.13,46.12,false,OK
TEL-0000430,RU-SEA-02,2026-08-28T06:40:00Z,-20.99,43.34,false,OK
TEL-0000431,RU-SEA-02,2026-08-28T06:45:00Z,-21.17,44.21,false,OK
TEL-0000432,RU-SEA-02,2026-08-28T06:50:00Z,-20.56,45.77,false,OK
TEL-0000433,RU-SEA-02,2026-08-28T06:55:00Z,-20.77,44.28,false,OK
TEL-0000434,RU-SEA-02,2026-08-28T07:00:00Z,-21.19,45.47,false,OK
TEL-0000435,RU-SEA-02,2026-08-28T07:05:00Z,-20.03,45.42,false,OK
TEL-0000436,RU-SEA-02,2026-08-28T07:10:00Z,-20.01,45.45,false,OK
TEL-0000437,RU-SEA-02,2026-08-28T07:15:00Z,-19.92,42.95,false,OK
TEL-0000438,RU-SEA-02,2026-08-28T07:20:00Z,-19.82,46.0,false,OK
TEL-0000439,RU-SEA-02,2026-08-28T07:25:00Z,-20.56,43.61,false,OK
TEL-0000440,RU-SEA-02,2026-08-28T07:30:00Z,-21.06,43.07,false,OK
TEL-0000441,RU-SEA-02,2026-08-28T07:35:00Z,-20.99,43.24,false,OK
TEL-0000442,RU-SEA-02,2026-08-28T07:40:00Z,-19.96,42.02,false,OK
TEL-0000443,RU-SEA-02,2026-08-28T07:45:00Z,-20.87,43.42,false,OK
TEL-0000444,RU-SEA-02,2026-08-28T07:50:00Z,-20.65,42.36,false,OK
TEL-0000445,RU-SEA-02,2026-08-28T07:55:00Z,-20.95,42.06,false,OK
TEL-0000446,RU-SEA-02,2026-08-28T08:00:00Z,-20.63,41.89,false,OK
TEL-0000447,RU-SEA-02,2026-08-28T08:05:00Z,-20.04,46.65,false,OK
TEL-0000448,RU-SEA-02,2026-08-28T08:10:00Z,-20.78,46.14,false,OK
TEL-0000449,RU-SEA-02,2026-08-28T08:15:00Z,-21.07,43.51,false,OK
TEL-0000450,RU-SEA-02,2026-08-28T08:20:00Z,-20.55,44.04,false,OK
TEL-0000451,RU-SEA-02,2026-08-28T08:25:00Z,-20.29,41.14,false,OK
TEL-0000452,RU-SEA-02,2026-08-28T08:30:00Z,-20.94,41.36,false,OK
TEL-0000453,RU-SEA-02,2026-08-28T08:35:00Z,-20.38,41.95,false,OK
TEL-0000454,RU-SEA-02,2026-08-28T08:40:00Z,-20.65,44.2,false,OK
TEL-0000455,RU-SEA-02,2026-08-28T08:45:00Z,-20.26,43.28,false,OK
TEL-0000456,RU-SEA-02,2026-08-28T08:50:00Z,-19.82,44.85,false,OK
TEL-0000457,RU-SEA-02,2026-08-28T08:55:00Z,-19.8,41.24,false,OK
TEL-0000458,RU-SEA-02,2026-08-28T09:00:00Z,-20.83,41.36,false,OK
TEL-0000459,RU-SEA-02,2026-08-28T09:05:00Z,-19.98,41.86,false,OK
TEL-0000460,RU-SEA-02,2026-08-28T09:10:00Z,-20.62,41.99,false,OK
TEL-0000461,RU-SEA-02,2026-08-28T09:15:00Z,-20.46,42.29,false,OK
TEL-0000462,RU-SEA-02,2026-08-28T09:20:00Z,-19.96,42.99,false,OK
TEL-0000463,RU-SEA-02,2026-08-28T09:25:00Z,-21.08,41.52,false,OK
TEL-0000464,RU-SEA-02,2026-08-28T09:30:00Z,-21.12,41.26,false,OK
TEL-0000465,RU-SEA-02,2026-08-28T09:35:00Z,-20.63,45.11,false,OK
TEL-0000466,RU-SEA-02,2026-08-28T09:40:00Z,-19.94,46.98,false,OK
TEL-0000467,RU-SEA-02,2026-08-28T09:45:00Z,-20.99,43.23,false,OK
TEL-0000468,RU-SEA-02,2026-08-28T09:50:00Z,-20.52,44.56,false,OK
TEL-0000469,RU-SEA-02,2026-08-28T09:55:00Z,-20.17,41.36,false,OK
TEL-0000470,RU-SEA-02,2026-08-28T10:00:00Z,-20.13,43.13,false,OK
TEL-0000471,RU-SEA-02,2026-08-28T10:05:00Z,-20.98,43.01,false,OK
TEL-0000472,RU-SEA-02,2026-08-28T10:10:00Z,-20.9,42.66,false,OK
TEL-0000473,RU-SEA-02,2026-08-28T10:15:00Z,-20.34,44.87,false,OK
TEL-0000474,RU-SEA-02,2026-08-28T10:20:00Z,-20.92,45.59,false,OK
TEL-0000475,RU-SEA-02,2026-08-28T10:25:00Z,-20.42,41.03,false,OK
TEL-0000476,RU-SEA-02,2026-08-28T10:30:00Z,-20.3,45.6,false,OK
TEL-0000477,RU-SEA-02,2026-08-28T10:35:00Z,-20.07,41.52,false,OK
TEL-0000478,RU-SEA-02,2026-08-28T10:40:00Z,-20.86,42.94,false,OK
TEL-0000479,RU-SEA-02,2026-08-28T10:45:00Z,-20.32,46.98,false,OK
TEL-0000480,RU-SEA-02,2026-08-28T10:50:00Z,-20.55,43.71,false,OK
TEL-0000481,RU-SEA-02,2026-08-28T10:55:00Z,-21.06,46.43,false,OK
TEL-0000482,RU-SEA-02,2026-08-28T11:00:00Z,-19.85,42.54,false,OK
TEL-0000483,RU-SEA-02,2026-08-28T11:05:00Z,-20.88,43.68,true,OK
TEL-0000484,RU-SEA-02,2026-08-28T11:10:00Z,-20.26,42.6,false,OK
TEL-0000485,RU-SEA-02,2026-08-28T11:15:00Z,-20.57,45.88,false,OK
TEL-0000486,RU-SEA-02,2026-08-28T11:20:00Z,-21.03,45.78,true,OK
TEL-0000487,RU-SEA-02,2026-08-28T11:25:00Z,-20.68,44.54,false,OK
TEL-0000488,RU-SEA-02,2026-08-28T11:30:00Z,-20.35,41.2,false,OK
TEL-0000489,RU-SEA-02,2026-08-28T11:35:00Z,-19.93,44.11,false,OK
TEL-0000490,RU-SEA-02,2026-08-28T11:40:00Z,-20.77,43.74,false,OK
TEL-0000491,RU-SEA-02,2026-08-28T11:45:00Z,-19.85,46.1,false,OK
TEL-0000492,RU-SEA-02,2026-08-28T11:50:00Z,-20.82,45.71,false,OK
TEL-0000493,RU-SEA-02,2026-08-28T11:55:00Z,-20.8,46.47,false,OK
TEL-0000494,RU-SEA-02,2026-08-28T12:00:00Z,-20.95,42.48,false,OK
TEL-0000495,RU-SEA-02,2026-08-28T12:05:00Z,-20.2,45.95,false,OK
TEL-0000496,RU-SEA-02,2026-08-28T12:10:00Z,-20.14,42.05,false,OK
TEL-0000497,RU-SEA-02,2026-08-28T12:15:00Z,-21.07,41.51,false,OK
TEL-0000498,RU-SEA-02,2026-08-28T12:20:00Z,-20.41,44.79,true,OK
TEL-0000499,RU-SEA-02,2026-08-28T12:25:00Z,-20.84,42.52,false,OK
TEL-0000500,RU-SEA-02,2026-08-28T12:30:00Z,-20.31,45.95,false,OK
TEL-0000501,RU-SEA-02,2026-08-28T12:35:00Z,-20.34,46.7,false,OK
TEL-0000502,RU-SEA-02,2026-08-28T12:40:00Z,-21.0,41.82,false,OK
TEL-0000503,RU-SEA-02,2026-08-28T12:45:00Z,-20.02,41.94,false,OK
TEL-0000504,RU-SEA-02,2026-08-28T12:50:00Z,-19.91,44.38,false,OK
TEL-0000505,RU-SEA-02,2026-08-28T12:55:00Z,-19.95,43.94,false,OK
TEL-0000506,RU-SEA-02,2026-08-28T13:00:00Z,-20.02,41.77,false,OK
TEL-0000507,RU-SEA-02,2026-08-28T13:05:00Z,-20.86,45.0,false,OK
TEL-0000508,RU-SEA-02,2026-08-28T13:10:00Z,-20.05,45.96,false,OK
TEL-0000509,RU-SEA-02,2026-08-28T13:15:00Z,-20.82,46.98,false,OK
TEL-0000510,RU-SEA-02,2026-08-28T13:20:00Z,-20.87,44.33,false,OK
TEL-0000511,RU-SEA-02,2026-08-28T13:25:00Z,-20.81,43.78,false,OK
TEL-0000512,RU-SEA-02,2026-08-28T13:30:00Z,-20.97,43.22,false,OK
TEL-0000513,RU-SEA-02,2026-08-28T13:35:00Z,-20.26,44.35,false,OK
TEL-0000514,RU-SEA-02,2026-08-28T13:40:00Z,-20.33,46.47,false,OK
TEL-0000515,RU-SEA-02,2026-08-28T13:45:00Z,-20.64,42.92,false,OK
TEL-0000516,RU-SEA-02,2026-08-28T13:50:00Z,-20.28,41.47,false,OK
TEL-0000517,RU-SEA-02,2026-08-28T13:55:00Z,-20.76,45.62,false,OK
TEL-0000518,RU-SEA-02,2026-08-28T14:00:00Z,-21.12,41.09,false,OK
TEL-0000519,RU-SEA-02,2026-08-28T14:05:00Z,-20.14,44.5,false,OK
TEL-0000520,RU-SEA-02,2026-08-28T14:10:00Z,-20.61,46.93,false,OK
TEL-0000521,RU-SEA-02,2026-08-28T14:15:00Z,-20.81,42.23,false,OK
TEL-0000522,RU-SEA-02,2026-08-28T14:20:00Z,-21.13,42.9,false,OK
TEL-0000523,RU-SEA-02,2026-08-28T14:25:00Z,-20.29,43.41,false,OK
TEL-0000524,RU-SEA-02,2026-08-28T14:30:00Z,-19.84,41.14,false,OK
TEL-0000525,RU-SEA-02,2026-08-28T14:35:00Z,-20.34,42.17,false,OK
TEL-0000526,RU-SEA-02,2026-08-28T14:40:00Z,-20.54,46.41,false,OK
TEL-0000527,RU-SEA-02,2026-08-28T14:45:00Z,-21.05,46.24,false,OK
TEL-0000528,RU-SEA-02,2026-08-28T14:50:00Z,-20.09,43.32,false,OK
TEL-0000529,RU-SEA-02,2026-08-28T14:55:00Z,-20.22,45.34,false,OK
TEL-0000530,RU-SEA-02,2026-08-28T15:00:00Z,-20.8,42.46,false,OK
TEL-0000531,RU-SEA-02,2026-08-28T15:05:00Z,-21.19,46.86,false,OK
TEL-0000532,RU-SEA-02,2026-08-28T15:10:00Z,-20.45,41.02,false,OK
TEL-0000533,RU-SEA-02,2026-08-28T15:15:00Z,-20.9,41.45,false,OK
TEL-0000534,RU-SEA-02,2026-08-28T15:20:00Z,-20.26,43.04,false,OK
TEL-0000535,RU-SEA-02,2026-08-28T15:25:00Z,-20.64,41.49,false,OK
TEL-0000536,RU-SEA-02,2026-08-28T15:30:00Z,-20.62,44.77,false,OK
TEL-0000537,RU-SEA-02,2026-08-28T15:35:00Z,-20.57,46.36,false,OK
TEL-0000538,RU-SEA-02,2026-08-28T15:40:00Z,-21.13,46.77,false,OK
TEL-0000539,RU-SEA-02,2026-08-28T15:45:00Z,-19.95,45.68,false,OK
TEL-0000540,RU-SEA-02,2026-08-28T15:50:00Z,-20.18,43.24,false,OK
TEL-0000541,RU-SEA-02,2026-08-28T15:55:00Z,-20.64,46.29,false,OK
TEL-0000542,RU-SEA-02,2026-08-28T16:00:00Z,-20.9,44.06,false,OK
TEL-0000543,RU-SEA-02,2026-08-28T16:05:00Z,-20.65,44.86,false,OK
TEL-0000544,RU-SEA-02,2026-08-28T16:10:00Z,-19.86,46.64,false,OK
TEL-0000545,RU-SEA-02,2026-08-28T16:15:00Z,-19.83,44.13,false,OK
TEL-0000546,RU-SEA-02,2026-08-28T16:20:00Z,-20.11,44.26,false,OK
TEL-0000547,RU-SEA-02,2026-08-28T16:25:00Z,-21.1,45.73,false,OK
TEL-0000548,RU-SEA-02,2026-08-28T16:30:00Z,-21.04,41.84,false,OK
TEL-0000549,RU-SEA-02,2026-08-28T16:35:00Z,-19.83,46.16,false,OK
TEL-0000550,RU-SEA-02,2026-08-28T16:40:00Z,-20.16,44.29,false,OK
TEL-0000551,RU-SEA-02,2026-08-28T16:45:00Z,-19.96,41.18,false,OK
TEL-0000552,RU-SEA-02,2026-08-28T16:50:00Z,-20.68,41.88,false,OK
TEL-0000553,RU-SEA-02,2026-08-28T16:55:00Z,-20.58,44.47,false,OK
TEL-0000554,RU-SEA-02,2026-08-28T17:00:00Z,-21.09,41.53,false,OK
TEL-0000555,RU-SEA-02,2026-08-28T17:05:00Z,-20.51,42.14,false,OK
TEL-0000556,RU-SEA-02,2026-08-28T17:10:00Z,-19.95,43.88,false,OK
TEL-0000557,RU-SEA-02,2026-08-28T17:15:00Z,-21.18,46.71,false,OK
TEL-0000558,RU-SEA-02,2026-08-28T17:20:00Z,-20.65,45.4,false,OK
TEL-0000559,RU-SEA-02,2026-08-28T17:25:00Z,-20.22,45.83,false,OK
TEL-0000560,RU-SEA-02,2026-08-28T17:30:00Z,-20.1,42.36,false,OK
TEL-0000561,RU-SEA-02,2026-08-28T17:35:00Z,-20.75,43.51,false,OK
TEL-0000562,RU-SEA-02,2026-08-28T17:40:00Z,-20.22,41.86,false,OK
TEL-0000563,RU-SEA-02,2026-08-28T17:45:00Z,-20.63,43.13,false,OK
TEL-0000564,RU-SEA-02,2026-08-28T17:50:00Z,-20.42,44.69,false,OK
TEL-0000565,RU-SEA-02,2026-08-28T17:55:00Z,-20.51,45.99,true,OK
TEL-0000566,RU-SEA-02,2026-08-28T18:00:00Z,-20.49,41.18,false,OK
TEL-0000567,RU-SEA-02,2026-08-28T18:05:00Z,-20.76,43.87,false,OK
TEL-0000568,RU-SEA-02,2026-08-28T18:10:00Z,-19.88,44.41,false,OK
TEL-0000569,RU-SEA-02,2026-08-28T18:15:00Z,-20.09,43.03,false,OK
TEL-0000570,RU-SEA-02,2026-08-28T18:20:00Z,-20.24,44.01,false,OK
TEL-0000571,RU-SEA-02,2026-08-28T18:25:00Z,-20.25,45.98,false,OK
TEL-0000572,RU-SEA-02,2026-08-28T18:30:00Z,-20.1,42.91,false,OK
TEL-0000573,RU-SEA-02,2026-08-28T18:35:00Z,-20.7,44.81,false,OK
TEL-0000574,RU-SEA-02,2026-08-28T18:40:00Z,-21.02,43.61,false,OK
TEL-0000575,RU-SEA-02,2026-08-28T18:45:00Z,-21.02,45.17,false,OK
TEL-0000576,RU-SEA-02,2026-08-28T18:50:00Z,-20.97,46.47,false,OK
TEL-0000577,RU-SEA-02,2026-08-28T18:55:00Z,-20.99,44.58,false,OK
TEL-0000578,RU-SEA-02,2026-08-28T19:00:00Z,-20.62,42.0,false,OK
TEL-0000579,RU-PDX-01,2026-08-27T19:00:00Z,-21.01,46.78,false,OK
TEL-0000580,RU-PDX-01,2026-08-27T19:05:00Z,-20.21,43.87,false,OK
TEL-0000581,RU-PDX-01,2026-08-27T19:10:00Z,-20.3,41.47,false,OK
TEL-0000582,RU-PDX-01,2026-08-27T19:15:00Z,-19.92,46.49,false,OK
TEL-0000583,RU-PDX-01,2026-08-27T19:20:00Z,-19.99,43.33,false,OK
TEL-0000584,RU-PDX-01,2026-08-27T19:25:00Z,-19.99,42.63,false,OK
TEL-0000585,RU-PDX-01,2026-08-27T19:30:00Z,-20.67,42.71,false,OK
TEL-0000586,RU-PDX-01,2026-08-27T19:35:00Z,-19.82,43.67,false,OK
TEL-0000587,RU-PDX-01,2026-08-27T19:40:00Z,-20.17,44.75,false,OK
TEL-0000588,RU-PDX-01,2026-08-27T19:45:00Z,-21.09,43.4,false,OK
TEL-0000589,RU-PDX-01,2026-08-27T19:50:00Z,-20.58,41.44,false,OK
TEL-0000590,RU-PDX-01,2026-08-27T19:55:00Z,-20.56,43.84,false,OK
TEL-0000591,RU-PDX-01,2026-08-27T20:00:00Z,-21.03,42.33,false,OK
TEL-0000592,RU-PDX-01,2026-08-27T20:05:00Z,-20.07,44.57,false,OK
TEL-0000593,RU-PDX-01,2026-08-27T20:10:00Z,-20.57,43.82,false,OK
TEL-0000594,RU-PDX-01,2026-08-27T20:15:00Z,-19.81,46.72,false,OK
TEL-0000595,RU-PDX-01,2026-08-27T20:20:00Z,-21.12,45.43,false,OK
TEL-0000596,RU-PDX-01,2026-08-27T20:25:00Z,-20.47,44.37,false,OK
TEL-0000597,RU-PDX-01,2026-08-27T20:30:00Z,-20.65,46.29,false,OK
TEL-0000598,RU-PDX-01,2026-08-27T20:35:00Z,-20.92,44.14,false,OK
TEL-0000599,RU-PDX-01,2026-08-27T20:40:00Z,-20.23,45.43,false,OK
TEL-0000600,RU-PDX-01,2026-08-27T20:45:00Z,-20.53,45.73,false,OK
TEL-0000601,RU-PDX-01,2026-08-27T20:50:00Z,-20.83,43.88,false,OK
TEL-0000602,RU-PDX-01,2026-08-27T20:55:00Z,-20.17,43.53,false,OK
TEL-0000603,RU-PDX-01,2026-08-27T21:00:00Z,-21.04,45.31,false,OK
TEL-0000604,RU-PDX-01,2026-08-27T21:05:00Z,-21.18,42.73,false,OK
TEL-0000605,RU-PDX-01,2026-08-27T21:10:00Z,-20.84,44.01,false,OK
TEL-0000606,RU-PDX-01,2026-08-27T21:15:00Z,-20.2,43.23,false,OK
TEL-0000607,RU-PDX-01,2026-08-27T21:20:00Z,-21.02,43.88,false,OK
TEL-0000608,RU-PDX-01,2026-08-27T21:25:00Z,-19.98,42.95,false,OK
TEL-0000609,RU-PDX-01,2026-08-27T21:30:00Z,-20.97,41.75,false,OK
TEL-0000610,RU-PDX-01,2026-08-27T21:35:00Z,-19.98,43.12,false,OK
TEL-0000611,RU-PDX-01,2026-08-27T21:40:00Z,-20.38,45.81,false,OK
TEL-0000612,RU-PDX-01,2026-08-27T21:45:00Z,-20.69,44.1,false,OK
TEL-0000613,RU-PDX-01,2026-08-27T21:50:00Z,-20.79,43.82,false,OK
TEL-0000614,RU-PDX-01,2026-08-27T21:55:00Z,-21.0,43.32,false,OK
TEL-0000615,RU-PDX-01,2026-08-27T22:00:00Z,-20.15,41.41,false,OK
TEL-0000616,RU-PDX-01,2026-08-27T22:05:00Z,-20.66,45.93,false,OK
TEL-0000617,RU-PDX-01,2026-08-27T22:10:00Z,-20.84,44.47,false,OK
TEL-0000618,RU-PDX-01,2026-08-27T22:15:00Z,-20.38,44.15,false,OK
TEL-0000619,RU-PDX-01,2026-08-27T22:20:00Z,-20.81,43.49,false,OK
TEL-0000620,RU-PDX-01,2026-08-27T22:25:00Z,-21.1,43.86,false,OK
TEL-0000621,RU-PDX-01,2026-08-27T22:30:00Z,-20.42,41.02,false,OK
TEL-0000622,RU-PDX-01,2026-08-27T22:35:00Z,-20.98,41.35,false,OK
TEL-0000623,RU-PDX-01,2026-08-27T22:40:00Z,-20.48,41.1,false,OK
TEL-0000624,RU-PDX-01,2026-08-27T22:45:00Z,-20.9,42.6,false,OK
TEL-0000625,RU-PDX-01,2026-08-27T22:50:00Z,-20.81,46.96,false,OK
TEL-0000626,RU-PDX-01,2026-08-27T22:55:00Z,-20.34,45.21,false,OK
TEL-0000627,RU-PDX-01,2026-08-27T23:00:00Z,-20.19,43.21,false,OK
TEL-0000628,RU-PDX-01,2026-08-27T23:05:00Z,-20.58,44.56,false,OK
TEL-0000629,RU-PDX-01,2026-08-27T23:10:00Z,-19.84,46.28,false,OK
TEL-0000630,RU-PDX-01,2026-08-27T23:15:00Z,-21.17,45.11,false,OK
TEL-0000631,RU-PDX-01,2026-08-27T23:20:00Z,-20.0,46.45,false,OK
TEL-0000632,RU-PDX-01,2026-08-27T23:25:00Z,-21.05,42.21,false,OK
TEL-0000633,RU-PDX-01,2026-08-27T23:30:00Z,-20.4,41.24,false,OK
TEL-0000634,RU-PDX-01,2026-08-27T23:35:00Z,-20.17,44.72,false,OK
TEL-0000635,RU-PDX-01,2026-08-27T23:40:00Z,-20.93,42.65,false,OK
TEL-0000636,RU-PDX-01,2026-08-27T23:45:00Z,-20.87,45.71,false,OK
TEL-0000637,RU-PDX-01,2026-08-27T23:50:00Z,-20.44,41.6,false,OK
TEL-0000638,RU-PDX-01,2026-08-27T23:55:00Z,-20.06,44.71,false,OK
TEL-0000639,RU-PDX-01,2026-08-28T00:00:00Z,-20.14,44.97,false,OK
TEL-0000640,RU-PDX-01,2026-08-28T00:05:00Z,-20.28,41.02,false,OK
TEL-0000641,RU-PDX-01,2026-08-28T00:10:00Z,-20.17,41.36,false,OK
TEL-0000642,RU-PDX-01,2026-08-28T00:15:00Z,-20.34,45.72,false,OK
TEL-0000643,RU-PDX-01,2026-08-28T00:20:00Z,-19.98,42.85,false,OK
TEL-0000644,RU-PDX-01,2026-08-28T00:25:00Z,-19.98,43.49,false,OK
TEL-0000645,RU-PDX-01,2026-08-28T00:30:00Z,-20.55,44.14,false,OK
TEL-0000646,RU-PDX-01,2026-08-28T00:35:00Z,-20.18,45.99,false,OK
TEL-0000647,RU-PDX-01,2026-08-28T00:40:00Z,-20.5,42.64,false,OK
TEL-0000648,RU-PDX-01,2026-08-28T00:45:00Z,-20.67,42.71,false,OK
TEL-0000649,RU-PDX-01,2026-08-28T00:50:00Z,-19.8,46.61,false,OK
TEL-0000650,RU-PDX-01,2026-08-28T00:55:00Z,-20.56,44.83,false,OK
TEL-0000651,RU-PDX-01,2026-08-28T01:00:00Z,-20.91,45.9,false,OK
TEL-0000652,RU-PDX-01,2026-08-28T01:05:00Z,-19.82,46.49,false,OK
TEL-0000653,RU-PDX-01,2026-08-28T01:10:00Z,-21.12,45.71,false,OK
TEL-0000654,RU-PDX-01,2026-08-28T01:15:00Z,-20.62,44.5,false,OK
TEL-0000655,RU-PDX-01,2026-08-28T01:20:00Z,-20.86,42.22,false,OK
TEL-0000656,RU-PDX-01,2026-08-28T01:25:00Z,-20.17,46.66,false,OK
TEL-0000657,RU-PDX-01,2026-08-28T01:30:00Z,-21.05,41.18,true,OK
TEL-0000658,RU-PDX-01,2026-08-28T01:35:00Z,-20.4,42.58,false,OK
TEL-0000659,RU-PDX-01,2026-08-28T01:40:00Z,-20.37,44.03,false,OK
TEL-0000660,RU-PDX-01,2026-08-28T01:45:00Z,-20.7,44.07,false,OK
TEL-0000661,RU-PDX-01,2026-08-28T01:50:00Z,-20.42,45.34,false,OK
TEL-0000662,RU-PDX-01,2026-08-28T01:55:00Z,-21.03,43.34,false,OK
TEL-0000663,RU-PDX-01,2026-08-28T02:00:00Z,-19.98,42.63,false,OK
TEL-0000664,RU-PDX-01,2026-08-28T02:05:00Z,-21.02,46.94,false,OK
TEL-0000665,RU-PDX-01,2026-08-28T02:10:00Z,-20.47,45.09,false,OK
TEL-0000666,RU-PDX-01,2026-08-28T02:15:00Z,-20.07,46.13,false,OK
TEL-0000667,RU-PDX-01,2026-08-28T02:20:00Z,-19.98,45.79,false,OK
TEL-0000668,RU-PDX-01,2026-08-28T02:25:00Z,-20.75,42.63,false,OK
TEL-0000669,RU-PDX-01,2026-08-28T02:30:00Z,-21.19,45.8,false,OK
TEL-0000670,RU-PDX-01,2026-08-28T02:35:00Z,-20.87,45.29,false,OK
TEL-0000671,RU-PDX-01,2026-08-28T02:40:00Z,-21.04,42.94,false,OK
TEL-0000672,RU-PDX-01,2026-08-28T02:45:00Z,-19.94,45.51,false,OK
TEL-0000673,RU-PDX-01,2026-08-28T02:50:00Z,-20.36,41.68,false,OK
TEL-0000674,RU-PDX-01,2026-08-28T02:55:00Z,-20.03,45.83,false,OK
TEL-0000675,RU-PDX-01,2026-08-28T03:00:00Z,-20.35,45.05,false,OK
TEL-0000676,RU-PDX-01,2026-08-28T03:05:00Z,-21.09,46.88,false,OK
TEL-0000677,RU-PDX-01,2026-08-28T03:10:00Z,-20.48,45.09,false,OK
TEL-0000678,RU-PDX-01,2026-08-28T03:15:00Z,-20.67,46.58,false,OK
TEL-0000679,RU-PDX-01,2026-08-28T03:20:00Z,-20.73,43.11,false,OK
TEL-0000680,RU-PDX-01,2026-08-28T03:25:00Z,-19.86,44.03,false,OK
TEL-0000681,RU-PDX-01,2026-08-28T03:30:00Z,-20.97,42.21,false,OK
TEL-0000682,RU-PDX-01,2026-08-28T03:35:00Z,-19.97,44.86,false,OK
TEL-0000683,RU-PDX-01,2026-08-28T03:40:00Z,-20.19,45.3,false,OK
TEL-0000684,RU-PDX-01,2026-08-28T03:45:00Z,-20.1,43.76,false,OK
TEL-0000685,RU-PDX-01,2026-08-28T03:50:00Z,-20.76,44.83,false,OK
TEL-0000686,RU-PDX-01,2026-08-28T03:55:00Z,-20.25,43.56,false,OK
TEL-0000687,RU-PDX-01,2026-08-28T04:00:00Z,-20.42,44.36,false,OK
TEL-0000688,RU-PDX-01,2026-08-28T04:05:00Z,-19.82,46.74,false,OK
TEL-0000689,RU-PDX-01,2026-08-28T04:10:00Z,-20.02,41.92,false,OK
TEL-0000690,RU-PDX-01,2026-08-28T04:15:00Z,-20.33,41.59,false,OK
TEL-0000691,RU-PDX-01,2026-08-28T04:20:00Z,-19.89,42.79,false,OK
TEL-0000692,RU-PDX-01,2026-08-28T04:25:00Z,-20.15,46.38,false,OK
TEL-0000693,RU-PDX-01,2026-08-28T04:30:00Z,-20.1,42.31,false,OK
TEL-0000694,RU-PDX-01,2026-08-28T04:35:00Z,-19.93,45.7,false,OK
TEL-0000695,RU-PDX-01,2026-08-28T04:40:00Z,-21.02,45.39,false,OK
TEL-0000696,RU-PDX-01,2026-08-28T04:45:00Z,-20.16,46.91,false,OK
TEL-0000697,RU-PDX-01,2026-08-28T04:50:00Z,-20.22,43.65,false,OK
TEL-0000698,RU-PDX-01,2026-08-28T04:55:00Z,-19.94,45.64,false,OK
TEL-0000699,RU-PDX-01,2026-08-28T05:00:00Z,-21.1,45.75,false,OK
TEL-0000700,RU-PDX-01,2026-08-28T05:05:00Z,-20.19,42.55,false,OK
TEL-0000701,RU-PDX-01,2026-08-28T05:10:00Z,-20.28,44.86,false,OK
TEL-0000702,RU-PDX-01,2026-08-28T05:15:00Z,-21.06,42.07,false,OK
TEL-0000703,RU-PDX-01,2026-08-28T05:20:00Z,-20.26,43.02,false,OK
TEL-0000704,RU-PDX-01,2026-08-28T05:25:00Z,-20.09,46.89,false,OK
TEL-0000705,RU-PDX-01,2026-08-28T05:30:00Z,-20.37,42.73,false,OK
TEL-0000706,RU-PDX-01,2026-08-28T05:35:00Z,-20.9,46.21,false,OK
TEL-0000707,RU-PDX-01,2026-08-28T05:40:00Z,-20.04,41.67,false,OK
TEL-0000708,RU-PDX-01,2026-08-28T05:45:00Z,-20.05,46.82,false,OK
TEL-0000709,RU-PDX-01,2026-08-28T05:50:00Z,-20.51,44.59,false,OK
TEL-0000710,RU-PDX-01,2026-08-28T05:55:00Z,-21.1,44.95,false,OK
TEL-0000711,RU-PDX-01,2026-08-28T06:00:00Z,-19.99,46.56,false,OK
TEL-0000712,RU-PDX-01,2026-08-28T06:05:00Z,-20.66,44.21,false,OK
TEL-0000713,RU-PDX-01,2026-08-28T06:10:00Z,-19.82,42.91,false,OK
TEL-0000714,RU-PDX-01,2026-08-28T06:15:00Z,-20.58,44.57,false,OK
TEL-0000715,RU-PDX-01,2026-08-28T06:20:00Z,-19.85,46.63,false,OK
TEL-0000716,RU-PDX-01,2026-08-28T06:25:00Z,-20.51,41.27,false,OK
TEL-0000717,RU-PDX-01,2026-08-28T06:30:00Z,-20.64,41.97,false,OK
TEL-0000718,RU-PDX-01,2026-08-28T06:35:00Z,-21.2,45.77,false,OK
TEL-0000719,RU-PDX-01,2026-08-28T06:40:00Z,-19.81,45.12,false,OK
TEL-0000720,RU-PDX-01,2026-08-28T06:45:00Z,-19.82,41.28,false,OK
TEL-0000721,RU-PDX-01,2026-08-28T06:50:00Z,-20.9,41.94,false,OK
TEL-0000722,RU-PDX-01,2026-08-28T06:55:00Z,-20.42,41.51,false,OK
TEL-0000723,RU-PDX-01,2026-08-28T07:00:00Z,-20.75,43.55,false,OK
TEL-0000724,RU-PDX-01,2026-08-28T07:05:00Z,-20.71,42.27,false,OK
TEL-0000725,RU-PDX-01,2026-08-28T07:10:00Z,-20.53,45.34,false,OK
TEL-0000726,RU-PDX-01,2026-08-28T07:15:00Z,-21.07,42.73,false,OK
TEL-0000727,RU-PDX-01,2026-08-28T07:20:00Z,-20.35,43.6,false,OK
TEL-0000728,RU-PDX-01,2026-08-28T07:25:00Z,-19.98,45.22,false,OK
TEL-0000729,RU-PDX-01,2026-08-28T07:30:00Z,-20.65,46.45,false,OK
TEL-0000730,RU-PDX-01,2026-08-28T07:35:00Z,-21.07,41.79,false,OK
TEL-0000731,RU-PDX-01,2026-08-28T07:40:00Z,-20.0,43.5,false,OK
TEL-0000732,RU-PDX-01,2026-08-28T07:45:00Z,-20.37,45.76,false,OK
TEL-0000733,RU-PDX-01,2026-08-28T07:50:00Z,-20.13,43.54,false,OK
TEL-0000734,RU-PDX-01,2026-08-28T07:55:00Z,-21.12,46.73,false,OK
TEL-0000735,RU-PDX-01,2026-08-28T08:00:00Z,-20.27,41.37,false,OK
TEL-0000736,RU-PDX-01,2026-08-28T08:05:00Z,-20.29,43.03,false,OK
TEL-0000737,RU-PDX-01,2026-08-28T08:10:00Z,-20.7,42.55,false,OK
TEL-0000738,RU-PDX-01,2026-08-28T08:15:00Z,-20.94,46.14,false,OK
TEL-0000739,RU-PDX-01,2026-08-28T08:20:00Z,-20.11,45.85,false,OK
TEL-0000740,RU-PDX-01,2026-08-28T08:25:00Z,-21.11,41.78,false,OK
TEL-0000741,RU-PDX-01,2026-08-28T08:30:00Z,-21.18,42.83,false,OK
TEL-0000742,RU-PDX-01,2026-08-28T08:35:00Z,-20.91,41.19,false,OK
TEL-0000743,RU-PDX-01,2026-08-28T08:40:00Z,-20.52,45.91,false,OK
TEL-0000744,RU-PDX-01,2026-08-28T08:45:00Z,-20.82,43.03,false,OK
TEL-0000745,RU-PDX-01,2026-08-28T08:50:00Z,-20.18,41.22,false,OK
TEL-0000746,RU-PDX-01,2026-08-28T08:55:00Z,-20.97,44.1,false,OK
TEL-0000747,RU-PDX-01,2026-08-28T09:00:00Z,-19.96,46.19,false,OK
TEL-0000748,RU-PDX-01,2026-08-28T09:05:00Z,-21.05,44.83,false,OK
TEL-0000749,RU-PDX-01,2026-08-28T09:10:00Z,-20.68,43.04,false,OK
TEL-0000750,RU-PDX-01,2026-08-28T09:15:00Z,-20.06,46.95,false,OK
TEL-0000751,RU-PDX-01,2026-08-28T09:20:00Z,-20.2,46.43,false,OK
TEL-0000752,RU-PDX-01,2026-08-28T09:25:00Z,-19.93,41.86,false,OK
TEL-0000753,RU-PDX-01,2026-08-28T09:30:00Z,-20.41,42.02,false,OK
TEL-0000754,RU-PDX-01,2026-08-28T09:35:00Z,-20.62,43.38,false,OK
TEL-0000755,RU-PDX-01,2026-08-28T09:40:00Z,-20.55,43.68,false,OK
TEL-0000756,RU-PDX-01,2026-08-28T09:45:00Z,-20.12,43.64,false,OK
TEL-0000757,RU-PDX-01,2026-08-28T09:50:00Z,-20.62,42.03,false,OK
TEL-0000758,RU-PDX-01,2026-08-28T09:55:00Z,-20.36,46.9,false,OK
TEL-0000759,RU-PDX-01,2026-08-28T10:00:00Z,-21.12,45.52,false,OK
TEL-0000760,RU-PDX-01,2026-08-28T10:05:00Z,-20.64,45.16,false,OK
TEL-0000761,RU-PDX-01,2026-08-28T10:10:00Z,-20.2,43.35,false,OK
TEL-0000762,RU-PDX-01,2026-08-28T10:15:00Z,-20.19,45.53,false,OK
TEL-0000763,RU-PDX-01,2026-08-28T10:20:00Z,-20.15,42.11,false,OK
TEL-0000764,RU-PDX-01,2026-08-28T10:25:00Z,-21.02,45.42,false,OK
TEL-0000765,RU-PDX-01,2026-08-28T10:30:00Z,-20.95,44.18,false,OK
TEL-0000766,RU-PDX-01,2026-08-28T10:35:00Z,-20.19,43.74,false,OK
TEL-0000767,RU-PDX-01,2026-08-28T10:40:00Z,-20.36,42.27,false,OK
TEL-0000768,RU-PDX-01,2026-08-28T10:45:00Z,-21.15,42.94,false,OK
TEL-0000769,RU-PDX-01,2026-08-28T10:50:00Z,-21.11,45.58,false,OK
TEL-0000770,RU-PDX-01,2026-08-28T10:55:00Z,-20.82,42.85,false,OK
TEL-0000771,RU-PDX-01,2026-08-28T11:00:00Z,-20.58,43.96,false,OK
TEL-0000772,RU-PDX-01,2026-08-28T11:05:00Z,-20.81,41.09,false,OK
TEL-0000773,RU-PDX-01,2026-08-28T11:10:00Z,-20.39,41.88,false,OK
TEL-0000774,RU-PDX-01,2026-08-28T11:15:00Z,-20.53,44.28,false,OK
TEL-0000775,RU-PDX-01,2026-08-28T11:20:00Z,-20.41,46.88,false,OK
TEL-0000776,RU-PDX-01,2026-08-28T11:25:00Z,-20.48,44.89,false,OK
TEL-0000777,RU-PDX-01,2026-08-28T11:30:00Z,-20.34,42.29,false,OK
TEL-0000778,RU-PDX-01,2026-08-28T11:35:00Z,-19.9,46.04,false,OK
TEL-0000779,RU-PDX-01,2026-08-28T11:40:00Z,-20.19,43.77,false,OK
TEL-0000780,RU-PDX-01,2026-08-28T11:45:00Z,-20.5,43.31,false,OK
TEL-0000781,RU-PDX-01,2026-08-28T11:50:00Z,-21.1,42.53,false,OK
TEL-0000782,RU-PDX-01,2026-08-28T11:55:00Z,-20.72,44.18,false,OK
TEL-0000783,RU-PDX-01,2026-08-28T12:00:00Z,-20.21,43.03,false,OK
TEL-0000784,RU-PDX-01,2026-08-28T12:05:00Z,-20.97,46.58,false,OK
TEL-0000785,RU-PDX-01,2026-08-28T12:10:00Z,-20.07,45.09,false,OK
TEL-0000786,RU-PDX-01,2026-08-28T12:15:00Z,-20.97,41.9,false,OK
TEL-0000787,RU-PDX-01,2026-08-28T12:20:00Z,-20.48,44.22,false,OK
TEL-0000788,RU-PDX-01,2026-08-28T12:25:00Z,-21.1,43.59,false,OK
TEL-0000789,RU-PDX-01,2026-08-28T12:30:00Z,-20.59,43.69,false,OK
TEL-0000790,RU-PDX-01,2026-08-28T12:35:00Z,-20.64,44.63,false,OK
TEL-0000791,RU-PDX-01,2026-08-28T12:40:00Z,-20.97,45.41,false,OK
TEL-0000792,RU-PDX-01,2026-08-28T12:45:00Z,-20.0,41.45,false,OK
TEL-0000793,RU-PDX-01,2026-08-28T12:50:00Z,-19.94,46.06,false,OK
TEL-0000794,RU-PDX-01,2026-08-28T12:55:00Z,-19.95,41.1,false,OK
TEL-0000795,RU-PDX-01,2026-08-28T13:00:00Z,-20.39,44.66,false,OK
TEL-0000796,RU-PDX-01,2026-08-28T13:05:00Z,-19.82,41.94,false,OK
TEL-0000797,RU-PDX-01,2026-08-28T13:10:00Z,-20.57,44.18,false,OK
TEL-0000798,RU-PDX-01,2026-08-28T13:15:00Z,-19.82,46.29,false,OK
TEL-0000799,RU-PDX-01,2026-08-28T13:20:00Z,-20.84,41.86,false,OK
TEL-0000800,RU-PDX-01,2026-08-28T13:25:00Z,-20.6,45.66,false,OK
TEL-0000801,RU-PDX-01,2026-08-28T13:30:00Z,-20.77,44.9,false,OK
TEL-0000802,RU-PDX-01,2026-08-28T13:35:00Z,-20.36,41.97,false,OK
TEL-0000803,RU-PDX-01,2026-08-28T13:40:00Z,-20.26,41.06,false,OK
TEL-0000804,RU-PDX-01,2026-08-28T13:45:00Z,-20.44,44.74,false,OK
TEL-0000805,RU-PDX-01,2026-08-28T13:50:00Z,-20.54,42.82,false,OK
TEL-0000806,RU-PDX-01,2026-08-28T13:55:00Z,-20.86,45.99,false,OK
TEL-0000807,RU-PDX-01,2026-08-28T14:00:00Z,-21.13,43.63,false,OK
TEL-0000808,RU-PDX-01,2026-08-28T14:05:00Z,-20.31,45.18,false,OK
TEL-0000809,RU-PDX-01,2026-08-28T14:10:00Z,-20.53,46.57,false,OK
TEL-0000810,RU-PDX-01,2026-08-28T14:15:00Z,-21.18,45.25,false,OK
TEL-0000811,RU-PDX-01,2026-08-28T14:20:00Z,-20.86,45.38,false,OK
TEL-0000812,RU-PDX-01,2026-08-28T14:25:00Z,-20.5,42.12,false,OK
TEL-0000813,RU-PDX-01,2026-08-28T14:30:00Z,-20.89,44.1,false,OK
TEL-0000814,RU-PDX-01,2026-08-28T14:35:00Z,-20.28,41.03,false,OK
TEL-0000815,RU-PDX-01,2026-08-28T14:40:00Z,-20.85,45.43,false,OK
TEL-0000816,RU-PDX-01,2026-08-28T14:45:00Z,-20.44,46.29,false,OK
TEL-0000817,RU-PDX-01,2026-08-28T14:50:00Z,-20.55,45.36,false,OK
TEL-0000818,RU-PDX-01,2026-08-28T14:55:00Z,-20.73,45.88,false,OK
TEL-0000819,RU-PDX-01,2026-08-28T15:00:00Z,-20.84,43.0,false,OK
TEL-0000820,RU-PDX-01,2026-08-28T15:05:00Z,-20.97,44.93,false,OK
TEL-0000821,RU-PDX-01,2026-08-28T15:10:00Z,-20.76,45.21,false,OK
TEL-0000822,RU-PDX-01,2026-08-28T15:15:00Z,-20.67,41.67,false,OK
TEL-0000823,RU-PDX-01,2026-08-28T15:20:00Z,-20.11,43.58,false,OK
TEL-0000824,RU-PDX-01,2026-08-28T15:25:00Z,-20.56,43.36,false,OK
TEL-0000825,RU-PDX-01,2026-08-28T15:30:00Z,-20.61,41.56,false,OK
TEL-0000826,RU-PDX-01,2026-08-28T15:35:00Z,-20.32,43.89,false,OK
TEL-0000827,RU-PDX-01,2026-08-28T15:40:00Z,-20.25,43.56,false,OK
TEL-0000828,RU-PDX-01,2026-08-28T15:45:00Z,-21.03,42.73,false,OK
TEL-0000829,RU-PDX-01,2026-08-28T15:50:00Z,-20.43,45.82,false,OK
TEL-0000830,RU-PDX-01,2026-08-28T15:55:00Z,-20.55,41.33,false,OK
TEL-0000831,RU-PDX-01,2026-08-28T16:00:00Z,-20.08,41.47,false,OK
TEL-0000832,RU-PDX-01,2026-08-28T16:05:00Z,-20.84,45.85,false,OK
TEL-0000833,RU-PDX-01,2026-08-28T16:10:00Z,-20.55,43.03,false,OK
TEL-0000834,RU-PDX-01,2026-08-28T16:15:00Z,-20.22,44.98,false,OK
TEL-0000835,RU-PDX-01,2026-08-28T16:20:00Z,-20.04,44.51,false,OK
TEL-0000836,RU-PDX-01,2026-08-28T16:25:00Z,-20.69,46.64,false,OK
TEL-0000837,RU-PDX-01,2026-08-28T16:30:00Z,-20.54,46.54,false,OK
TEL-0000838,RU-PDX-01,2026-08-28T16:35:00Z,-20.32,44.86,false,OK
TEL-0000839,RU-PDX-01,2026-08-28T16:40:00Z,-20.36,46.26,false,OK
TEL-0000840,RU-PDX-01,2026-08-28T16:45:00Z,-20.92,45.07,false,OK
TEL-0000841,RU-PDX-01,2026-08-28T16:50:00Z,-20.91,41.66,false,OK
TEL-0000842,RU-PDX-01,2026-08-28T16:55:00Z,-20.81,45.17,false,OK
TEL-0000843,RU-PDX-01,2026-08-28T17:00:00Z,-20.45,45.16,false,OK
TEL-0000844,RU-PDX-01,2026-08-28T17:05:00Z,-20.51,44.95,false,OK
TEL-0000845,RU-PDX-01,2026-08-28T17:10:00Z,-20.85,41.4,false,OK
TEL-0000846,RU-PDX-01,2026-08-28T17:15:00Z,-20.72,45.49,false,OK
TEL-0000847,RU-PDX-01,2026-08-28T17:20:00Z,-20.48,44.18,false,OK
TEL-0000848,RU-PDX-01,2026-08-28T17:25:00Z,-19.9,42.24,false,OK
TEL-0000849,RU-PDX-01,2026-08-28T17:30:00Z,-20.25,41.34,false,OK
TEL-0000850,RU-PDX-01,2026-08-28T17:35:00Z,-20.62,42.89,false,OK
TEL-0000851,RU-PDX-01,2026-08-28T17:40:00Z,-20.4,46.94,false,OK
TEL-0000852,RU-PDX-01,2026-08-28T17:45:00Z,-19.96,41.77,false,OK
TEL-0000853,RU-PDX-01,2026-08-28T17:50:00Z,-21.19,46.79,false,OK
TEL-0000854,RU-PDX-01,2026-08-28T17:55:00Z,-20.96,46.65,false,OK
TEL-0000855,RU-PDX-01,2026-08-28T18:00:00Z,-20.82,41.83,false,OK
TEL-0000856,RU-PDX-01,2026-08-28T18:05:00Z,-19.96,45.1,false,OK
TEL-0000857,RU-PDX-01,2026-08-28T18:10:00Z,-20.33,45.73,false,OK
TEL-0000858,RU-PDX-01,2026-08-28T18:15:00Z,-20.5,41.51,false,OK
TEL-0000859,RU-PDX-01,2026-08-28T18:20:00Z,-20.53,43.3,false,OK
TEL-0000860,RU-PDX-01,2026-08-28T18:25:00Z,-20.23,41.53,false,OK
TEL-0000861,RU-PDX-01,2026-08-28T18:30:00Z,-20.33,42.59,false,OK
TEL-0000862,RU-PDX-01,2026-08-28T18:35:00Z,-19.82,44.89,false,OK
TEL-0000863,RU-PDX-01,2026-08-28T18:40:00Z,-20.62,45.66,false,OK
TEL-0000864,RU-PDX-01,2026-08-28T18:45:00Z,-20.67,45.65,false,OK
TEL-0000865,RU-PDX-01,2026-08-28T18:50:00Z,-21.05,42.81,false,OK
TEL-0000866,RU-PDX-01,2026-08-28T18:55:00Z,-19.92,45.56,false,OK
TEL-0000867,RU-PDX-01,2026-08-28T19:00:00Z,-20.92,43.47,false,OK
TEL-0000868,RU-PDX-02,2026-08-27T19:00:00Z,-19.86,43.22,false,OK
TEL-0000869,RU-PDX-02,2026-08-27T19:05:00Z,-20.87,42.82,false,OK
TEL-0000870,RU-PDX-02,2026-08-27T19:10:00Z,-20.54,43.13,false,OK
TEL-0000871,RU-PDX-02,2026-08-27T19:15:00Z,-20.94,44.7,false,OK
TEL-0000872,RU-PDX-02,2026-08-27T19:20:00Z,-21.13,46.83,false,OK
TEL-0000873,RU-PDX-02,2026-08-27T19:25:00Z,-20.41,42.4,false,OK
TEL-0000874,RU-PDX-02,2026-08-27T19:30:00Z,-20.54,46.19,false,OK
TEL-0000875,RU-PDX-02,2026-08-27T19:35:00Z,-20.49,43.27,false,OK
TEL-0000876,RU-PDX-02,2026-08-27T19:40:00Z,-21.11,41.1,false,OK
TEL-0000877,RU-PDX-02,2026-08-27T19:45:00Z,-20.52,45.37,false,OK
TEL-0000878,RU-PDX-02,2026-08-27T19:50:00Z,-20.67,45.02,false,OK
TEL-0000879,RU-PDX-02,2026-08-27T19:55:00Z,-20.82,43.69,false,OK
TEL-0000880,RU-PDX-02,2026-08-27T20:00:00Z,-20.4,44.57,false,OK
TEL-0000881,RU-PDX-02,2026-08-27T20:05:00Z,-19.85,43.67,true,OK
TEL-0000882,RU-PDX-02,2026-08-27T20:10:00Z,-20.24,43.65,false,OK
TEL-0000883,RU-PDX-02,2026-08-27T20:15:00Z,-20.42,43.28,false,OK
TEL-0000884,RU-PDX-02,2026-08-27T20:20:00Z,-20.11,43.44,false,OK
TEL-0000885,RU-PDX-02,2026-08-27T20:25:00Z,-20.05,42.48,false,OK
TEL-0000886,RU-PDX-02,2026-08-27T20:30:00Z,-20.86,44.94,false,OK
TEL-0000887,RU-PDX-02,2026-08-27T20:35:00Z,-20.83,41.0,false,OK
TEL-0000888,RU-PDX-02,2026-08-27T20:40:00Z,-20.63,45.51,false,OK
TEL-0000889,RU-PDX-02,2026-08-27T20:45:00Z,-20.37,44.53,false,OK
TEL-0000890,RU-PDX-02,2026-08-27T20:50:00Z,-20.99,41.4,false,OK
TEL-0000891,RU-PDX-02,2026-08-27T20:55:00Z,-20.6,43.65,false,OK
TEL-0000892,RU-PDX-02,2026-08-27T21:00:00Z,-20.23,44.39,false,OK
TEL-0000893,RU-PDX-02,2026-08-27T21:05:00Z,-20.55,43.62,false,OK
TEL-0000894,RU-PDX-02,2026-08-27T21:10:00Z,-20.27,44.12,false,OK
TEL-0000895,RU-PDX-02,2026-08-27T21:15:00Z,-20.48,44.5,false,OK
TEL-0000896,RU-PDX-02,2026-08-27T21:20:00Z,-20.12,42.79,false,OK
TEL-0000897,RU-PDX-02,2026-08-27T21:25:00Z,-20.77,43.05,false,OK
TEL-0000898,RU-PDX-02,2026-08-27T21:30:00Z,-21.15,44.21,false,OK
TEL-0000899,RU-PDX-02,2026-08-27T21:35:00Z,-21.12,44.17,false,OK
TEL-0000900,RU-PDX-02,2026-08-27T21:40:00Z,-19.92,44.0,false,OK
TEL-0000901,RU-PDX-02,2026-08-27T21:45:00Z,-19.91,41.89,false,OK
TEL-0000902,RU-PDX-02,2026-08-27T21:50:00Z,-20.6,46.03,false,OK
TEL-0000903,RU-PDX-02,2026-08-27T21:55:00Z,-20.43,42.78,false,OK
TEL-0000904,RU-PDX-02,2026-08-27T22:00:00Z,-20.56,43.63,false,OK
TEL-0000905,RU-PDX-02,2026-08-27T22:05:00Z,-20.94,42.59,false,OK
TEL-0000906,RU-PDX-02,2026-08-27T22:10:00Z,-19.83,42.97,false,OK
TEL-0000907,RU-PDX-02,2026-08-27T22:15:00Z,-20.9,42.2,false,OK
TEL-0000908,RU-PDX-02,2026-08-27T22:20:00Z,-20.65,44.65,false,OK
TEL-0000909,RU-PDX-02,2026-08-27T22:25:00Z,-20.55,44.41,false,OK
TEL-0000910,RU-PDX-02,2026-08-27T22:30:00Z,-20.97,45.08,false,OK
TEL-0000911,RU-PDX-02,2026-08-27T22:35:00Z,-20.96,46.08,false,OK
TEL-0000912,RU-PDX-02,2026-08-27T22:40:00Z,-20.44,43.51,false,OK
TEL-0000913,RU-PDX-02,2026-08-27T22:45:00Z,-20.08,42.94,false,OK
TEL-0000914,RU-PDX-02,2026-08-27T22:50:00Z,-21.0,42.83,false,OK
TEL-0000915,RU-PDX-02,2026-08-27T22:55:00Z,-21.08,41.2,false,OK
TEL-0000916,RU-PDX-02,2026-08-27T23:00:00Z,-20.47,44.08,false,OK
TEL-0000917,RU-PDX-02,2026-08-27T23:05:00Z,-19.95,42.57,false,OK
TEL-0000918,RU-PDX-02,2026-08-27T23:10:00Z,-19.99,44.4,false,OK
TEL-0000919,RU-PDX-02,2026-08-27T23:15:00Z,-20.28,41.73,false,OK
TEL-0000920,RU-PDX-02,2026-08-27T23:20:00Z,-20.46,45.42,false,OK
TEL-0000921,RU-PDX-02,2026-08-27T23:25:00Z,-20.72,44.98,false,OK
TEL-0000922,RU-PDX-02,2026-08-27T23:30:00Z,-20.31,41.51,false,OK
TEL-0000923,RU-PDX-02,2026-08-27T23:35:00Z,-21.15,43.14,false,OK
TEL-0000924,RU-PDX-02,2026-08-27T23:40:00Z,-20.05,41.47,false,OK
TEL-0000925,RU-PDX-02,2026-08-27T23:45:00Z,-20.37,42.64,false,OK
TEL-0000926,RU-PDX-02,2026-08-27T23:50:00Z,-19.97,42.36,false,OK
TEL-0000927,RU-PDX-02,2026-08-27T23:55:00Z,-20.68,44.41,false,OK
TEL-0000928,RU-PDX-02,2026-08-28T00:00:00Z,-21.04,42.14,false,OK
TEL-0000929,RU-PDX-02,2026-08-28T00:05:00Z,-20.8,42.27,false,OK
TEL-0000930,RU-PDX-02,2026-08-28T00:10:00Z,-21.13,46.58,false,OK
TEL-0000931,RU-PDX-02,2026-08-28T00:15:00Z,-19.86,42.36,false,OK
TEL-0000932,RU-PDX-02,2026-08-28T00:20:00Z,-21.01,44.99,false,OK
TEL-0000933,RU-PDX-02,2026-08-28T00:25:00Z,-20.94,42.74,false,OK
TEL-0000934,RU-PDX-02,2026-08-28T00:30:00Z,-19.96,42.76,false,OK
TEL-0000935,RU-PDX-02,2026-08-28T00:35:00Z,-20.54,44.57,false,OK
TEL-0000936,RU-PDX-02,2026-08-28T00:40:00Z,-20.1,45.8,false,OK
TEL-0000937,RU-PDX-02,2026-08-28T00:45:00Z,-20.75,42.92,false,OK
TEL-0000938,RU-PDX-02,2026-08-28T00:50:00Z,-20.48,45.11,false,OK
TEL-0000939,RU-PDX-02,2026-08-28T00:55:00Z,-20.11,41.39,false,OK
TEL-0000940,RU-PDX-02,2026-08-28T01:00:00Z,-20.07,45.71,false,OK
TEL-0000941,RU-PDX-02,2026-08-28T01:05:00Z,-20.07,41.91,false,OK
TEL-0000942,RU-PDX-02,2026-08-28T01:10:00Z,-20.56,46.02,false,OK
TEL-0000943,RU-PDX-02,2026-08-28T01:15:00Z,-20.72,42.12,false,OK
TEL-0000944,RU-PDX-02,2026-08-28T01:20:00Z,-20.9,45.88,false,OK
TEL-0000945,RU-PDX-02,2026-08-28T01:25:00Z,-20.15,45.14,false,OK
TEL-0000946,RU-PDX-02,2026-08-28T01:30:00Z,-20.83,43.3,false,OK
TEL-0000947,RU-PDX-02,2026-08-28T01:35:00Z,-19.97,41.28,false,OK
TEL-0000948,RU-PDX-02,2026-08-28T01:40:00Z,-20.25,44.5,false,OK
TEL-0000949,RU-PDX-02,2026-08-28T01:45:00Z,-19.84,46.59,false,OK
TEL-0000950,RU-PDX-02,2026-08-28T01:50:00Z,-20.94,45.32,false,OK
TEL-0000951,RU-PDX-02,2026-08-28T01:55:00Z,-21.09,46.73,false,OK
TEL-0000952,RU-PDX-02,2026-08-28T02:00:00Z,-20.61,46.8,false,OK
TEL-0000953,RU-PDX-02,2026-08-28T02:05:00Z,-20.9,46.79,false,OK
TEL-0000954,RU-PDX-02,2026-08-28T02:10:00Z,-21.14,42.52,false,OK
TEL-0000955,RU-PDX-02,2026-08-28T02:15:00Z,-20.57,45.36,false,OK
TEL-0000956,RU-PDX-02,2026-08-28T02:20:00Z,-20.42,41.83,false,OK
TEL-0000957,RU-PDX-02,2026-08-28T02:25:00Z,-20.05,45.17,false,OK
TEL-0000958,RU-PDX-02,2026-08-28T02:30:00Z,-20.23,45.68,false,OK
TEL-0000959,RU-PDX-02,2026-08-28T02:35:00Z,-20.46,41.79,false,OK
TEL-0000960,RU-PDX-02,2026-08-28T02:40:00Z,-19.97,41.04,false,OK
TEL-0000961,RU-PDX-02,2026-08-28T02:45:00Z,-20.01,45.65,false,OK
TEL-0000962,RU-PDX-02,2026-08-28T02:50:00Z,-19.82,43.43,false,OK
TEL-0000963,RU-PDX-02,2026-08-28T02:55:00Z,-20.35,44.77,false,OK
TEL-0000964,RU-PDX-02,2026-08-28T03:00:00Z,-20.64,42.77,false,OK
TEL-0000965,RU-PDX-02,2026-08-28T03:05:00Z,-20.14,43.33,false,OK
TEL-0000966,RU-PDX-02,2026-08-28T03:10:00Z,-20.1,45.4,false,OK
TEL-0000967,RU-PDX-02,2026-08-28T03:15:00Z,-20.23,41.48,false,OK
TEL-0000968,RU-PDX-02,2026-08-28T03:20:00Z,-19.87,42.94,false,OK
TEL-0000969,RU-PDX-02,2026-08-28T03:25:00Z,-19.99,44.79,false,OK
TEL-0000970,RU-PDX-02,2026-08-28T03:30:00Z,-20.99,44.67,false,OK
TEL-0000971,RU-PDX-02,2026-08-28T03:35:00Z,-21.06,46.37,false,OK
TEL-0000972,RU-PDX-02,2026-08-28T03:40:00Z,-20.34,46.42,false,OK
TEL-0000973,RU-PDX-02,2026-08-28T03:45:00Z,-20.65,41.44,false,OK
TEL-0000974,RU-PDX-02,2026-08-28T03:50:00Z,-20.47,43.15,false,OK
TEL-0000975,RU-PDX-02,2026-08-28T03:55:00Z,-20.8,45.63,false,OK
TEL-0000976,RU-PDX-02,2026-08-28T04:00:00Z,-20.71,46.82,false,OK
TEL-0000977,RU-PDX-02,2026-08-28T04:05:00Z,-20.04,44.74,false,OK
TEL-0000978,RU-PDX-02,2026-08-28T04:10:00Z,-20.52,44.81,false,OK
TEL-0000979,RU-PDX-02,2026-08-28T04:15:00Z,-20.7,41.29,false,OK
TEL-0000980,RU-PDX-02,2026-08-28T04:20:00Z,-20.06,43.34,false,OK
TEL-0000981,RU-PDX-02,2026-08-28T04:25:00Z,-20.13,43.02,false,OK
TEL-0000982,RU-PDX-02,2026-08-28T04:30:00Z,-21.07,45.46,false,OK
TEL-0000983,RU-PDX-02,2026-08-28T04:35:00Z,-20.7,44.2,false,OK
TEL-0000984,RU-PDX-02,2026-08-28T04:40:00Z,-19.81,43.84,false,OK
TEL-0000985,RU-PDX-02,2026-08-28T04:45:00Z,-20.18,44.97,false,OK
TEL-0000986,RU-PDX-02,2026-08-28T04:50:00Z,-20.23,42.44,false,OK
TEL-0000987,RU-PDX-02,2026-08-28T04:55:00Z,-21.04,46.51,false,OK
TEL-0000988,RU-PDX-02,2026-08-28T05:00:00Z,-21.08,42.97,false,OK
TEL-0000989,RU-PDX-02,2026-08-28T05:05:00Z,-21.02,45.9,false,OK
TEL-0000990,RU-PDX-02,2026-08-28T05:10:00Z,-20.85,42.95,false,OK
TEL-0000991,RU-PDX-02,2026-08-28T05:15:00Z,-21.08,42.24,false,OK
TEL-0000992,RU-PDX-02,2026-08-28T05:20:00Z,-20.36,44.34,false,OK
TEL-0000993,RU-PDX-02,2026-08-28T05:25:00Z,-20.74,41.94,false,OK
TEL-0000994,RU-PDX-02,2026-08-28T05:30:00Z,-20.89,44.89,false,OK
TEL-0000995,RU-PDX-02,2026-08-28T05:35:00Z,-20.74,43.76,false,OK
TEL-0000996,RU-PDX-02,2026-08-28T05:40:00Z,-20.57,42.79,false,OK
TEL-0000997,RU-PDX-02,2026-08-28T05:45:00Z,-20.08,46.72,false,OK
TEL-0000998,RU-PDX-02,2026-08-28T05:50:00Z,-20.48,46.53,false,OK
TEL-0000999,RU-PDX-02,2026-08-28T05:55:00Z,-20.38,46.02,false,OK
TEL-0001000,RU-PDX-02,2026-08-28T06:00:00Z,-20.51,41.3,false,OK
TEL-0001001,RU-PDX-02,2026-08-28T06:05:00Z,-20.07,43.48,false,OK
TEL-0001002,RU-PDX-02,2026-08-28T06:10:00Z,-19.82,44.68,false,OK
TEL-0001003,RU-PDX-02,2026-08-28T06:15:00Z,-19.98,42.37,false,OK
TEL-0001004,RU-PDX-02,2026-08-28T06:20:00Z,-20.78,43.71,false,OK
TEL-0001005,RU-PDX-02,2026-08-28T06:25:00Z,-21.04,46.66,false,OK
TEL-0001006,RU-PDX-02,2026-08-28T06:30:00Z,-20.62,42.67,false,OK
TEL-0001007,RU-PDX-02,2026-08-28T06:35:00Z,-20.98,44.87,true,OK
TEL-0001008,RU-PDX-02,2026-08-28T06:40:00Z,-21.19,43.14,false,OK
TEL-0001009,RU-PDX-02,2026-08-28T06:45:00Z,-20.51,41.56,false,OK
TEL-0001010,RU-PDX-02,2026-08-28T06:50:00Z,-20.75,46.9,false,OK
TEL-0001011,RU-PDX-02,2026-08-28T06:55:00Z,-20.58,44.1,false,OK
TEL-0001012,RU-PDX-02,2026-08-28T07:00:00Z,-20.21,45.02,false,OK
TEL-0001013,RU-PDX-02,2026-08-28T07:05:00Z,-20.73,46.08,false,OK
TEL-0001014,RU-PDX-02,2026-08-28T07:10:00Z,-20.16,45.75,false,OK
TEL-0001015,RU-PDX-02,2026-08-28T07:15:00Z,-19.85,45.99,false,OK
TEL-0001016,RU-PDX-02,2026-08-28T07:20:00Z,-20.9,44.73,false,OK
TEL-0001017,RU-PDX-02,2026-08-28T07:25:00Z,-20.15,43.04,false,OK
TEL-0001018,RU-PDX-02,2026-08-28T07:30:00Z,-20.83,46.78,true,OK
TEL-0001019,RU-PDX-02,2026-08-28T07:35:00Z,-20.83,43.51,false,OK
TEL-0001020,RU-PDX-02,2026-08-28T07:40:00Z,-20.87,41.1,false,OK
TEL-0001021,RU-PDX-02,2026-08-28T07:45:00Z,-21.13,45.95,false,OK
TEL-0001022,RU-PDX-02,2026-08-28T07:50:00Z,-21.14,46.03,false,OK
TEL-0001023,RU-PDX-02,2026-08-28T07:55:00Z,-20.84,44.27,false,OK
TEL-0001024,RU-PDX-02,2026-08-28T08:00:00Z,-20.56,44.86,false,OK
TEL-0001025,RU-PDX-02,2026-08-28T08:05:00Z,-20.56,42.43,false,OK
TEL-0001026,RU-PDX-02,2026-08-28T08:10:00Z,-20.09,45.56,false,OK
TEL-0001027,RU-PDX-02,2026-08-28T08:15:00Z,-20.62,44.08,false,OK
TEL-0001028,RU-PDX-02,2026-08-28T08:20:00Z,-19.89,41.4,false,OK
TEL-0001029,RU-PDX-02,2026-08-28T08:25:00Z,-20.1,44.42,false,OK
TEL-0001030,RU-PDX-02,2026-08-28T08:30:00Z,-20.41,41.07,false,OK
TEL-0001031,RU-PDX-02,2026-08-28T08:35:00Z,-20.48,41.52,false,OK
TEL-0001032,RU-PDX-02,2026-08-28T08:40:00Z,-20.57,41.39,false,OK
TEL-0001033,RU-PDX-02,2026-08-28T08:45:00Z,-20.15,42.75,false,OK
TEL-0001034,RU-PDX-02,2026-08-28T08:50:00Z,-20.68,44.48,false,OK
TEL-0001035,RU-PDX-02,2026-08-28T08:55:00Z,-20.13,43.32,false,OK
TEL-0001036,RU-PDX-02,2026-08-28T09:00:00Z,-20.1,46.16,false,OK
TEL-0001037,RU-PDX-02,2026-08-28T09:05:00Z,-20.75,44.33,false,OK
TEL-0001038,RU-PDX-02,2026-08-28T09:10:00Z,-19.92,45.11,false,OK
TEL-0001039,RU-PDX-02,2026-08-28T09:15:00Z,-20.08,46.53,false,OK
TEL-0001040,RU-PDX-02,2026-08-28T09:20:00Z,-21.09,44.7,false,OK
TEL-0001041,RU-PDX-02,2026-08-28T09:25:00Z,-20.15,44.23,false,OK
TEL-0001042,RU-PDX-02,2026-08-28T09:30:00Z,-19.94,45.96,false,OK
TEL-0001043,RU-PDX-02,2026-08-28T09:35:00Z,-20.14,42.06,false,OK
TEL-0001044,RU-PDX-02,2026-08-28T09:40:00Z,-21.13,42.07,false,OK
TEL-0001045,RU-PDX-02,2026-08-28T09:45:00Z,-20.02,42.62,false,OK
TEL-0001046,RU-PDX-02,2026-08-28T09:50:00Z,-21.03,45.45,false,OK
TEL-0001047,RU-PDX-02,2026-08-28T09:55:00Z,-21.12,43.17,false,OK
TEL-0001048,RU-PDX-02,2026-08-28T10:00:00Z,-20.73,42.92,false,OK
TEL-0001049,RU-PDX-02,2026-08-28T10:05:00Z,-19.85,43.29,false,OK
TEL-0001050,RU-PDX-02,2026-08-28T10:10:00Z,-20.44,43.8,false,OK
TEL-0001051,RU-PDX-02,2026-08-28T10:15:00Z,-20.51,45.27,false,OK
TEL-0001052,RU-PDX-02,2026-08-28T10:20:00Z,-21.17,45.72,false,OK
TEL-0001053,RU-PDX-02,2026-08-28T10:25:00Z,-21.08,46.38,false,OK
TEL-0001054,RU-PDX-02,2026-08-28T10:30:00Z,-20.08,41.54,false,OK
TEL-0001055,RU-PDX-02,2026-08-28T10:35:00Z,-20.81,45.4,false,OK
TEL-0001056,RU-PDX-02,2026-08-28T10:40:00Z,-20.15,42.68,false,OK
TEL-0001057,RU-PDX-02,2026-08-28T10:45:00Z,-20.47,46.6,false,OK
TEL-0001058,RU-PDX-02,2026-08-28T10:50:00Z,-21.19,45.22,false,OK
TEL-0001059,RU-PDX-02,2026-08-28T10:55:00Z,-20.25,42.99,false,OK
TEL-0001060,RU-PDX-02,2026-08-28T11:00:00Z,-19.99,45.2,false,OK
TEL-0001061,RU-PDX-02,2026-08-28T11:05:00Z,-20.14,46.57,false,OK
TEL-0001062,RU-PDX-02,2026-08-28T11:10:00Z,-20.81,42.25,false,OK
TEL-0001063,RU-PDX-02,2026-08-28T11:15:00Z,-21.04,43.82,false,OK
TEL-0001064,RU-PDX-02,2026-08-28T11:20:00Z,-19.97,45.2,false,OK
TEL-0001065,RU-PDX-02,2026-08-28T11:25:00Z,-19.99,45.02,false,OK
TEL-0001066,RU-PDX-02,2026-08-28T11:30:00Z,-20.51,42.28,false,OK
TEL-0001067,RU-PDX-02,2026-08-28T11:35:00Z,-20.62,45.16,false,OK
TEL-0001068,RU-PDX-02,2026-08-28T11:40:00Z,-21.19,43.67,false,OK
TEL-0001069,RU-PDX-02,2026-08-28T11:45:00Z,-20.9,46.52,false,OK
TEL-0001070,RU-PDX-02,2026-08-28T11:50:00Z,-20.94,41.64,false,OK
TEL-0001071,RU-PDX-02,2026-08-28T11:55:00Z,-21.02,45.93,false,OK
TEL-0001072,RU-PDX-02,2026-08-28T12:00:00Z,-20.69,43.37,false,OK
TEL-0001073,RU-PDX-02,2026-08-28T12:05:00Z,-20.94,44.88,false,OK
TEL-0001074,RU-PDX-02,2026-08-28T12:10:00Z,-20.16,44.74,false,OK
TEL-0001075,RU-PDX-02,2026-08-28T12:15:00Z,-19.81,43.96,false,OK
TEL-0001076,RU-PDX-02,2026-08-28T12:20:00Z,-20.85,46.31,false,OK
TEL-0001077,RU-PDX-02,2026-08-28T12:25:00Z,-20.62,42.7,false,OK
TEL-0001078,RU-PDX-02,2026-08-28T12:30:00Z,-20.83,42.03,false,OK
TEL-0001079,RU-PDX-02,2026-08-28T12:35:00Z,-20.58,42.39,false,OK
TEL-0001080,RU-PDX-02,2026-08-28T12:40:00Z,-20.04,44.33,false,OK
TEL-0001081,RU-PDX-02,2026-08-28T12:45:00Z,-20.14,45.47,false,OK
TEL-0001082,RU-PDX-02,2026-08-28T12:50:00Z,-20.19,46.19,false,OK
TEL-0001083,RU-PDX-02,2026-08-28T12:55:00Z,-21.0,43.9,false,OK
TEL-0001084,RU-PDX-02,2026-08-28T13:00:00Z,-20.75,42.87,false,OK
TEL-0001085,RU-PDX-02,2026-08-28T13:05:00Z,-20.24,41.46,false,OK
TEL-0001086,RU-PDX-02,2026-08-28T13:10:00Z,-19.92,44.83,false,OK
TEL-0001087,RU-PDX-02,2026-08-28T13:15:00Z,-21.01,46.13,false,OK
TEL-0001088,RU-PDX-02,2026-08-28T13:20:00Z,-20.7,44.66,false,OK
TEL-0001089,RU-PDX-02,2026-08-28T13:25:00Z,-20.19,44.26,false,OK
TEL-0001090,RU-PDX-02,2026-08-28T13:30:00Z,-20.06,45.92,false,OK
TEL-0001091,RU-PDX-02,2026-08-28T13:35:00Z,-20.58,41.28,false,OK
TEL-0001092,RU-PDX-02,2026-08-28T13:40:00Z,-20.78,41.94,false,OK
TEL-0001093,RU-PDX-02,2026-08-28T13:45:00Z,-20.12,46.42,false,OK
TEL-0001094,RU-PDX-02,2026-08-28T13:50:00Z,-20.44,46.47,false,OK
TEL-0001095,RU-PDX-02,2026-08-28T13:55:00Z,-20.77,42.36,false,OK
TEL-0001096,RU-PDX-02,2026-08-28T14:00:00Z,-20.54,44.49,false,OK
TEL-0001097,RU-PDX-02,2026-08-28T14:05:00Z,-21.13,45.01,false,OK
TEL-0001098,RU-PDX-02,2026-08-28T14:10:00Z,-20.32,45.57,false,OK
TEL-0001099,RU-PDX-02,2026-08-28T14:15:00Z,-20.29,43.08,false,OK
TEL-0001100,RU-PDX-02,2026-08-28T14:20:00Z,-20.52,43.94,false,OK
TEL-0001101,RU-PDX-02,2026-08-28T14:25:00Z,-20.9,46.91,false,OK
TEL-0001102,RU-PDX-02,2026-08-28T14:30:00Z,-20.92,42.73,false,OK
TEL-0001103,RU-PDX-02,2026-08-28T14:35:00Z,-20.24,45.02,false,OK
TEL-0001104,RU-PDX-02,2026-08-28T14:40:00Z,-20.31,42.61,false,OK
TEL-0001105,RU-PDX-02,2026-08-28T14:45:00Z,-20.83,44.36,false,OK
TEL-0001106,RU-PDX-02,2026-08-28T14:50:00Z,-20.25,45.46,false,OK
TEL-0001107,RU-PDX-02,2026-08-28T14:55:00Z,-21.03,45.1,false,OK
TEL-0001108,RU-PDX-02,2026-08-28T15:00:00Z,-21.18,43.1,false,OK
TEL-0001109,RU-PDX-02,2026-08-28T15:05:00Z,-20.7,46.62,false,OK
TEL-0001110,RU-PDX-02,2026-08-28T15:10:00Z,-20.92,42.55,false,OK
TEL-0001111,RU-PDX-02,2026-08-28T15:15:00Z,-19.93,44.07,false,OK
TEL-0001112,RU-PDX-02,2026-08-28T15:20:00Z,-20.45,43.24,false,OK
TEL-0001113,RU-PDX-02,2026-08-28T15:25:00Z,-20.85,46.89,false,OK
TEL-0001114,RU-PDX-02,2026-08-28T15:30:00Z,-20.12,42.35,false,OK
TEL-0001115,RU-PDX-02,2026-08-28T15:35:00Z,-20.36,42.97,false,OK
TEL-0001116,RU-PDX-02,2026-08-28T15:40:00Z,-20.38,44.55,false,OK
TEL-0001117,RU-PDX-02,2026-08-28T15:45:00Z,-20.9,45.24,false,OK
TEL-0001118,RU-PDX-02,2026-08-28T15:50:00Z,-21.1,46.65,false,OK
TEL-0001119,RU-PDX-02,2026-08-28T15:55:00Z,-19.93,46.56,false,OK
TEL-0001120,RU-PDX-02,2026-08-28T16:00:00Z,-20.21,42.96,false,OK
TEL-0001121,RU-PDX-02,2026-08-28T16:05:00Z,-19.91,46.16,false,OK
TEL-0001122,RU-PDX-02,2026-08-28T16:10:00Z,-20.12,46.89,false,OK
TEL-0001123,RU-PDX-02,2026-08-28T16:15:00Z,-19.98,44.6,false,OK
TEL-0001124,RU-PDX-02,2026-08-28T16:20:00Z,-20.05,46.65,false,OK
TEL-0001125,RU-PDX-02,2026-08-28T16:25:00Z,-21.04,41.69,false,OK
TEL-0001126,RU-PDX-02,2026-08-28T16:30:00Z,-19.83,41.39,false,OK
TEL-0001127,RU-PDX-02,2026-08-28T16:35:00Z,-21.03,45.2,false,OK
TEL-0001128,RU-PDX-02,2026-08-28T16:40:00Z,-20.65,41.75,false,OK
TEL-0001129,RU-PDX-02,2026-08-28T16:45:00Z,-19.85,43.29,false,OK
TEL-0001130,RU-PDX-02,2026-08-28T16:50:00Z,-20.43,42.52,false,OK
TEL-0001131,RU-PDX-02,2026-08-28T16:55:00Z,-21.13,44.48,false,OK
TEL-0001132,RU-PDX-02,2026-08-28T17:00:00Z,-20.43,46.11,false,OK
TEL-0001133,RU-PDX-02,2026-08-28T17:05:00Z,-19.86,41.32,false,OK
TEL-0001134,RU-PDX-02,2026-08-28T17:10:00Z,-21.08,42.89,false,OK
TEL-0001135,RU-PDX-02,2026-08-28T17:15:00Z,-20.74,46.1,false,OK
TEL-0001136,RU-PDX-02,2026-08-28T17:20:00Z,-20.69,46.02,false,OK
TEL-0001137,RU-PDX-02,2026-08-28T17:25:00Z,-20.86,42.32,false,OK
TEL-0001138,RU-PDX-02,2026-08-28T17:30:00Z,-19.83,42.65,false,OK
TEL-0001139,RU-PDX-02,2026-08-28T17:35:00Z,-20.0,45.17,false,OK
TEL-0001140,RU-PDX-02,2026-08-28T17:40:00Z,-21.16,45.87,false,OK
TEL-0001141,RU-PDX-02,2026-08-28T17:45:00Z,-20.26,46.21,false,OK
TEL-0001142,RU-PDX-02,2026-08-28T17:50:00Z,-20.29,46.16,false,OK
TEL-0001143,RU-PDX-02,2026-08-28T17:55:00Z,-21.16,46.21,false,OK
TEL-0001144,RU-PDX-02,2026-08-28T18:00:00Z,-19.97,41.97,false,OK
TEL-0001145,RU-PDX-02,2026-08-28T18:05:00Z,-21.0,42.79,false,OK
TEL-0001146,RU-PDX-02,2026-08-28T18:10:00Z,-20.33,45.59,false,OK
TEL-0001147,RU-PDX-02,2026-08-28T18:15:00Z,-19.98,44.98,false,OK
TEL-0001148,RU-PDX-02,2026-08-28T18:20:00Z,-21.15,44.9,false,OK
TEL-0001149,RU-PDX-02,2026-08-28T18:25:00Z,-20.92,42.83,false,OK
TEL-0001150,RU-PDX-02,2026-08-28T18:30:00Z,-20.78,46.09,false,OK
TEL-0001151,RU-PDX-02,2026-08-28T18:35:00Z,-20.49,41.12,false,OK
TEL-0001152,RU-PDX-02,2026-08-28T18:40:00Z,-20.06,43.61,false,OK
TEL-0001153,RU-PDX-02,2026-08-28T18:45:00Z,-20.92,43.38,false,OK
TEL-0001154,RU-PDX-02,2026-08-28T18:50:00Z,-20.26,45.65,false,OK
TEL-0001155,RU-PDX-02,2026-08-28T18:55:00Z,-20.06,41.55,false,OK
TEL-0001156,RU-PDX-02,2026-08-28T19:00:00Z,-20.1,42.45,false,OK
TEL-0001157,RU-SFO-01,2026-08-27T19:00:00Z,-20.38,45.45,false,OK
TEL-0001158,RU-SFO-01,2026-08-27T19:05:00Z,-20.96,45.9,false,OK
TEL-0001159,RU-SFO-01,2026-08-27T19:10:00Z,-20.36,46.52,false,OK
TEL-0001160,RU-SFO-01,2026-08-27T19:15:00Z,-20.59,44.41,false,OK
TEL-0001161,RU-SFO-01,2026-08-27T19:20:00Z,-20.1,41.01,false,OK
TEL-0001162,RU-SFO-01,2026-08-27T19:25:00Z,-21.02,41.02,false,OK
TEL-0001163,RU-SFO-01,2026-08-27T19:30:00Z,-20.62,46.43,false,OK
TEL-0001164,RU-SFO-01,2026-08-27T19:35:00Z,-20.67,41.66,false,OK
TEL-0001165,RU-SFO-01,2026-08-27T19:40:00Z,-20.04,42.99,false,OK
TEL-0001166,RU-SFO-01,2026-08-27T19:45:00Z,-20.95,44.88,false,OK
TEL-0001167,RU-SFO-01,2026-08-27T19:50:00Z,-19.96,41.4,false,OK
TEL-0001168,RU-SFO-01,2026-08-27T19:55:00Z,-20.99,44.05,false,OK
TEL-0001169,RU-SFO-01,2026-08-27T20:00:00Z,-20.49,43.97,false,OK
TEL-0001170,RU-SFO-01,2026-08-27T20:05:00Z,-21.13,46.41,false,OK
TEL-0001171,RU-SFO-01,2026-08-27T20:10:00Z,-19.97,43.43,false,OK
TEL-0001172,RU-SFO-01,2026-08-27T20:15:00Z,-20.8,41.56,false,OK
TEL-0001173,RU-SFO-01,2026-08-27T20:20:00Z,-19.95,42.87,false,OK
TEL-0001174,RU-SFO-01,2026-08-27T20:25:00Z,-20.09,44.05,false,OK
TEL-0001175,RU-SFO-01,2026-08-27T20:30:00Z,-20.5,43.28,false,OK
TEL-0001176,RU-SFO-01,2026-08-27T20:35:00Z,-20.79,45.04,false,OK
TEL-0001177,RU-SFO-01,2026-08-27T20:40:00Z,-19.86,42.3,false,OK
TEL-0001178,RU-SFO-01,2026-08-27T20:45:00Z,-20.32,42.63,false,OK
TEL-0001179,RU-SFO-01,2026-08-27T20:50:00Z,-20.89,41.68,false,OK
TEL-0001180,RU-SFO-01,2026-08-27T20:55:00Z,-21.1,45.98,false,OK
TEL-0001181,RU-SFO-01,2026-08-27T21:00:00Z,-20.42,45.48,false,OK
TEL-0001182,RU-SFO-01,2026-08-27T21:05:00Z,-20.06,46.71,false,OK
TEL-0001183,RU-SFO-01,2026-08-27T21:10:00Z,-20.84,45.4,false,OK
TEL-0001184,RU-SFO-01,2026-08-27T21:15:00Z,-20.08,46.8,false,OK
TEL-0001185,RU-SFO-01,2026-08-27T21:20:00Z,-20.76,43.15,false,OK
TEL-0001186,RU-SFO-01,2026-08-27T21:25:00Z,-20.99,46.18,false,OK
TEL-0001187,RU-SFO-01,2026-08-27T21:30:00Z,-20.93,44.33,false,OK
TEL-0001188,RU-SFO-01,2026-08-27T21:35:00Z,-20.28,46.82,false,OK
TEL-0001189,RU-SFO-01,2026-08-27T21:40:00Z,-20.65,46.12,false,OK
TEL-0001190,RU-SFO-01,2026-08-27T21:45:00Z,-19.86,43.9,false,OK
TEL-0001191,RU-SFO-01,2026-08-27T21:50:00Z,-19.9,45.25,false,OK
TEL-0001192,RU-SFO-01,2026-08-27T21:55:00Z,-20.45,41.88,false,OK
TEL-0001193,RU-SFO-01,2026-08-27T22:00:00Z,-20.23,44.15,false,OK
TEL-0001194,RU-SFO-01,2026-08-27T22:05:00Z,-20.2,46.86,false,OK
TEL-0001195,RU-SFO-01,2026-08-27T22:10:00Z,-21.07,41.44,false,OK
TEL-0001196,RU-SFO-01,2026-08-27T22:15:00Z,-20.64,41.43,false,OK
TEL-0001197,RU-SFO-01,2026-08-27T22:20:00Z,-20.39,45.45,false,OK
TEL-0001198,RU-SFO-01,2026-08-27T22:25:00Z,-20.8,44.99,false,OK
TEL-0001199,RU-SFO-01,2026-08-27T22:30:00Z,-19.97,42.5,false,OK
TEL-0001200,RU-SFO-01,2026-08-27T22:35:00Z,-19.83,45.35,false,OK
TEL-0001201,RU-SFO-01,2026-08-27T22:40:00Z,-19.9,44.99,false,OK
TEL-0001202,RU-SFO-01,2026-08-27T22:45:00Z,-21.13,45.91,false,OK
TEL-0001203,RU-SFO-01,2026-08-27T22:50:00Z,-20.89,41.79,false,OK
TEL-0001204,RU-SFO-01,2026-08-27T22:55:00Z,-20.46,45.34,false,OK
TEL-0001205,RU-SFO-01,2026-08-27T23:00:00Z,-19.99,41.74,false,OK
TEL-0001206,RU-SFO-01,2026-08-27T23:05:00Z,-19.82,46.96,false,OK
TEL-0001207,RU-SFO-01,2026-08-27T23:10:00Z,-20.66,46.07,false,OK
TEL-0001208,RU-SFO-01,2026-08-27T23:15:00Z,-20.28,46.32,false,OK
TEL-0001209,RU-SFO-01,2026-08-27T23:20:00Z,-19.82,41.79,false,OK
TEL-0001210,RU-SFO-01,2026-08-27T23:25:00Z,-20.75,45.54,false,OK
TEL-0001211,RU-SFO-01,2026-08-27T23:30:00Z,-20.61,46.2,false,OK
TEL-0001212,RU-SFO-01,2026-08-27T23:35:00Z,-20.35,44.24,false,OK
TEL-0001213,RU-SFO-01,2026-08-27T23:40:00Z,-20.91,44.0,true,OK
TEL-0001214,RU-SFO-01,2026-08-27T23:45:00Z,-20.8,41.17,false,OK
TEL-0001215,RU-SFO-01,2026-08-27T23:50:00Z,-20.43,44.47,false,OK
TEL-0001216,RU-SFO-01,2026-08-27T23:55:00Z,-19.96,45.38,false,OK
TEL-0001217,RU-SFO-01,2026-08-28T00:00:00Z,-20.66,43.29,false,OK
TEL-0001218,RU-SFO-01,2026-08-28T00:05:00Z,-20.37,46.15,false,OK
TEL-0001219,RU-SFO-01,2026-08-28T00:10:00Z,-19.91,46.46,false,OK
TEL-0001220,RU-SFO-01,2026-08-28T00:15:00Z,-19.83,44.72,false,OK
TEL-0001221,RU-SFO-01,2026-08-28T00:20:00Z,-20.23,42.18,false,OK
TEL-0001222,RU-SFO-01,2026-08-28T00:25:00Z,-20.98,45.41,false,OK
TEL-0001223,RU-SFO-01,2026-08-28T00:30:00Z,-20.23,45.01,false,OK
TEL-0001224,RU-SFO-01,2026-08-28T00:35:00Z,-20.03,46.6,false,OK
TEL-0001225,RU-SFO-01,2026-08-28T00:40:00Z,-20.01,43.36,false,OK
TEL-0001226,RU-SFO-01,2026-08-28T00:45:00Z,-19.91,45.55,false,OK
TEL-0001227,RU-SFO-01,2026-08-28T00:50:00Z,-21.06,45.86,false,OK
TEL-0001228,RU-SFO-01,2026-08-28T00:55:00Z,-20.39,41.2,false,OK
TEL-0001229,RU-SFO-01,2026-08-28T01:00:00Z,-20.4,44.88,false,OK
TEL-0001230,RU-SFO-01,2026-08-28T01:05:00Z,-19.82,44.12,false,OK
TEL-0001231,RU-SFO-01,2026-08-28T01:10:00Z,-20.13,41.94,false,OK
TEL-0001232,RU-SFO-01,2026-08-28T01:15:00Z,-20.1,44.81,false,OK
TEL-0001233,RU-SFO-01,2026-08-28T01:20:00Z,-21.18,45.35,false,OK
TEL-0001234,RU-SFO-01,2026-08-28T01:25:00Z,-20.57,42.98,false,OK
TEL-0001235,RU-SFO-01,2026-08-28T01:30:00Z,-20.84,41.29,false,OK
TEL-0001236,RU-SFO-01,2026-08-28T01:35:00Z,-19.87,46.38,false,OK
TEL-0001237,RU-SFO-01,2026-08-28T01:40:00Z,-20.8,46.74,false,OK
TEL-0001238,RU-SFO-01,2026-08-28T01:45:00Z,-20.98,41.8,false,OK
TEL-0001239,RU-SFO-01,2026-08-28T01:50:00Z,-19.95,41.58,false,OK
TEL-0001240,RU-SFO-01,2026-08-28T01:55:00Z,-20.64,42.58,false,OK
TEL-0001241,RU-SFO-01,2026-08-28T02:00:00Z,-20.32,43.74,false,OK
TEL-0001242,RU-SFO-01,2026-08-28T02:05:00Z,-21.14,43.45,false,OK
TEL-0001243,RU-SFO-01,2026-08-28T02:10:00Z,-20.42,46.44,false,OK
TEL-0001244,RU-SFO-01,2026-08-28T02:15:00Z,-21.11,41.95,false,OK
TEL-0001245,RU-SFO-01,2026-08-28T02:20:00Z,-19.9,43.17,false,OK
TEL-0001246,RU-SFO-01,2026-08-28T02:25:00Z,-20.47,41.98,false,OK
TEL-0001247,RU-SFO-01,2026-08-28T02:30:00Z,-20.69,43.63,false,OK
TEL-0001248,RU-SFO-01,2026-08-28T02:35:00Z,-20.17,44.36,false,OK
TEL-0001249,RU-SFO-01,2026-08-28T02:40:00Z,-20.99,42.03,false,OK
TEL-0001250,RU-SFO-01,2026-08-28T02:45:00Z,-20.16,45.56,false,OK
TEL-0001251,RU-SFO-01,2026-08-28T02:50:00Z,-19.96,46.74,false,OK
TEL-0001252,RU-SFO-01,2026-08-28T02:55:00Z,-20.85,44.56,false,OK
TEL-0001253,RU-SFO-01,2026-08-28T03:00:00Z,-20.81,43.83,false,OK
TEL-0001254,RU-SFO-01,2026-08-28T03:05:00Z,-20.17,46.89,false,OK
TEL-0001255,RU-SFO-01,2026-08-28T03:10:00Z,-21.19,41.09,false,OK
TEL-0001256,RU-SFO-01,2026-08-28T03:15:00Z,-19.95,43.2,false,OK
TEL-0001257,RU-SFO-01,2026-08-28T03:20:00Z,-20.23,41.44,false,OK
TEL-0001258,RU-SFO-01,2026-08-28T03:25:00Z,-20.41,42.44,false,OK
TEL-0001259,RU-SFO-01,2026-08-28T03:30:00Z,-20.26,42.75,false,OK
TEL-0001260,RU-SFO-01,2026-08-28T03:35:00Z,-21.11,46.47,false,OK
TEL-0001261,RU-SFO-01,2026-08-28T03:40:00Z,-20.56,41.94,false,OK
TEL-0001262,RU-SFO-01,2026-08-28T03:45:00Z,-20.16,43.86,false,OK
TEL-0001263,RU-SFO-01,2026-08-28T03:50:00Z,-21.06,45.87,false,OK
TEL-0001264,RU-SFO-01,2026-08-28T03:55:00Z,-20.59,44.39,false,OK
TEL-0001265,RU-SFO-01,2026-08-28T04:00:00Z,-20.71,43.83,false,OK
TEL-0001266,RU-SFO-01,2026-08-28T04:05:00Z,-19.96,45.2,false,OK
TEL-0001267,RU-SFO-01,2026-08-28T04:10:00Z,-20.64,42.95,false,OK
TEL-0001268,RU-SFO-01,2026-08-28T04:15:00Z,-20.38,46.75,false,OK
TEL-0001269,RU-SFO-01,2026-08-28T04:20:00Z,-21.09,46.73,false,OK
TEL-0001270,RU-SFO-01,2026-08-28T04:25:00Z,-19.95,43.27,false,OK
TEL-0001271,RU-SFO-01,2026-08-28T04:30:00Z,-21.07,44.98,false,OK
TEL-0001272,RU-SFO-01,2026-08-28T04:35:00Z,-19.96,42.64,false,OK
TEL-0001273,RU-SFO-01,2026-08-28T04:40:00Z,-21.19,41.67,false,OK
TEL-0001274,RU-SFO-01,2026-08-28T04:45:00Z,-20.98,43.48,false,OK
TEL-0001275,RU-SFO-01,2026-08-28T04:50:00Z,-20.82,44.39,false,OK
TEL-0001276,RU-SFO-01,2026-08-28T04:55:00Z,-19.86,44.07,false,OK
TEL-0001277,RU-SFO-01,2026-08-28T05:00:00Z,-20.16,43.69,false,OK
TEL-0001278,RU-SFO-01,2026-08-28T05:05:00Z,-21.07,43.63,false,OK
TEL-0001279,RU-SFO-01,2026-08-28T05:10:00Z,-20.42,42.34,false,OK
TEL-0001280,RU-SFO-01,2026-08-28T05:15:00Z,-20.15,41.58,false,OK
TEL-0001281,RU-SFO-01,2026-08-28T05:20:00Z,-21.0,41.14,false,OK
TEL-0001282,RU-SFO-01,2026-08-28T05:25:00Z,-20.97,45.91,false,OK
TEL-0001283,RU-SFO-01,2026-08-28T05:30:00Z,-20.43,44.71,false,OK
TEL-0001284,RU-SFO-01,2026-08-28T05:35:00Z,-19.92,44.67,false,OK
TEL-0001285,RU-SFO-01,2026-08-28T05:40:00Z,-20.32,42.58,false,OK
TEL-0001286,RU-SFO-01,2026-08-28T05:45:00Z,-21.16,46.4,false,OK
TEL-0001287,RU-SFO-01,2026-08-28T05:50:00Z,-21.01,45.79,false,OK
TEL-0001288,RU-SFO-01,2026-08-28T05:55:00Z,-20.17,43.41,false,OK
TEL-0001289,RU-SFO-01,2026-08-28T06:00:00Z,-20.65,46.9,false,OK
TEL-0001290,RU-SFO-01,2026-08-28T06:05:00Z,-20.97,43.06,false,OK
TEL-0001291,RU-SFO-01,2026-08-28T06:10:00Z,-20.76,46.82,false,OK
TEL-0001292,RU-SFO-01,2026-08-28T06:15:00Z,-20.87,45.42,false,OK
TEL-0001293,RU-SFO-01,2026-08-28T06:20:00Z,-20.81,44.99,false,OK
TEL-0001294,RU-SFO-01,2026-08-28T06:25:00Z,-20.98,45.62,false,OK
TEL-0001295,RU-SFO-01,2026-08-28T06:30:00Z,-20.42,44.58,false,OK
TEL-0001296,RU-SFO-01,2026-08-28T06:35:00Z,-19.8,42.96,false,OK
TEL-0001297,RU-SFO-01,2026-08-28T06:40:00Z,-20.93,41.62,false,OK
TEL-0001298,RU-SFO-01,2026-08-28T06:45:00Z,-20.28,46.59,false,OK
TEL-0001299,RU-SFO-01,2026-08-28T06:50:00Z,-20.35,41.2,false,OK
TEL-0001300,RU-SFO-01,2026-08-28T06:55:00Z,-20.64,45.63,false,OK
TEL-0001301,RU-SFO-01,2026-08-28T07:00:00Z,-19.86,41.83,false,OK
TEL-0001302,RU-SFO-01,2026-08-28T07:05:00Z,-20.29,46.03,false,OK
TEL-0001303,RU-SFO-01,2026-08-28T07:10:00Z,-20.69,44.19,false,OK
TEL-0001304,RU-SFO-01,2026-08-28T07:15:00Z,-20.27,41.97,false,OK
TEL-0001305,RU-SFO-01,2026-08-28T07:20:00Z,-20.88,44.07,false,OK
TEL-0001306,RU-SFO-01,2026-08-28T07:25:00Z,-20.36,43.67,false,OK
TEL-0001307,RU-SFO-01,2026-08-28T07:30:00Z,-19.93,46.8,false,OK
TEL-0001308,RU-SFO-01,2026-08-28T07:35:00Z,-20.39,42.91,false,OK
TEL-0001309,RU-SFO-01,2026-08-28T07:40:00Z,-20.08,43.26,false,OK
TEL-0001310,RU-SFO-01,2026-08-28T07:45:00Z,-19.92,44.15,false,OK
TEL-0001311,RU-SFO-01,2026-08-28T07:50:00Z,-20.09,44.06,true,OK
TEL-0001312,RU-SFO-01,2026-08-28T07:55:00Z,-19.93,45.27,false,OK
TEL-0001313,RU-SFO-01,2026-08-28T08:00:00Z,-20.32,46.1,false,OK
TEL-0001314,RU-SFO-01,2026-08-28T08:05:00Z,-19.86,41.49,false,OK
TEL-0001315,RU-SFO-01,2026-08-28T08:10:00Z,-20.03,46.65,false,OK
TEL-0001316,RU-SFO-01,2026-08-28T08:15:00Z,-19.87,41.37,false,OK
TEL-0001317,RU-SFO-01,2026-08-28T08:20:00Z,-20.09,46.56,false,OK
TEL-0001318,RU-SFO-01,2026-08-28T08:25:00Z,-20.95,46.51,false,OK
TEL-0001319,RU-SFO-01,2026-08-28T08:30:00Z,-19.97,44.9,false,OK
TEL-0001320,RU-SFO-01,2026-08-28T08:35:00Z,-19.9,41.78,false,OK
TEL-0001321,RU-SFO-01,2026-08-28T08:40:00Z,-21.09,45.01,false,OK
TEL-0001322,RU-SFO-01,2026-08-28T08:45:00Z,-20.59,41.86,false,OK
TEL-0001323,RU-SFO-01,2026-08-28T08:50:00Z,-20.42,43.85,false,OK
TEL-0001324,RU-SFO-01,2026-08-28T08:55:00Z,-21.18,46.16,false,OK
TEL-0001325,RU-SFO-01,2026-08-28T09:00:00Z,-21.18,43.82,false,OK
TEL-0001326,RU-SFO-01,2026-08-28T09:05:00Z,-20.86,41.44,false,OK
TEL-0001327,RU-SFO-01,2026-08-28T09:10:00Z,-20.73,43.84,false,OK
TEL-0001328,RU-SFO-01,2026-08-28T09:15:00Z,-21.19,43.55,false,OK
TEL-0001329,RU-SFO-01,2026-08-28T09:20:00Z,-20.41,46.43,false,OK
TEL-0001330,RU-SFO-01,2026-08-28T09:25:00Z,-20.84,41.91,false,OK
TEL-0001331,RU-SFO-01,2026-08-28T09:30:00Z,-20.17,44.45,false,OK
TEL-0001332,RU-SFO-01,2026-08-28T09:35:00Z,-21.08,46.78,false,OK
TEL-0001333,RU-SFO-01,2026-08-28T09:40:00Z,-19.87,46.9,false,OK
TEL-0001334,RU-SFO-01,2026-08-28T09:45:00Z,-21.09,42.84,false,OK
TEL-0001335,RU-SFO-01,2026-08-28T09:50:00Z,-19.87,41.04,false,OK
TEL-0001336,RU-SFO-01,2026-08-28T09:55:00Z,-20.05,45.0,false,OK
TEL-0001337,RU-SFO-01,2026-08-28T10:00:00Z,-21.05,42.37,false,OK
TEL-0001338,RU-SFO-01,2026-08-28T10:05:00Z,-19.86,45.76,false,OK
TEL-0001339,RU-SFO-01,2026-08-28T10:10:00Z,-19.96,45.77,false,OK
TEL-0001340,RU-SFO-01,2026-08-28T10:15:00Z,-20.69,42.55,false,OK
TEL-0001341,RU-SFO-01,2026-08-28T10:20:00Z,-20.02,44.48,false,OK
TEL-0001342,RU-SFO-01,2026-08-28T10:25:00Z,-20.54,45.13,false,OK
TEL-0001343,RU-SFO-01,2026-08-28T10:30:00Z,-20.1,43.66,false,OK
TEL-0001344,RU-SFO-01,2026-08-28T10:35:00Z,-20.61,46.9,false,OK
TEL-0001345,RU-SFO-01,2026-08-28T10:40:00Z,-20.4,43.07,false,OK
TEL-0001346,RU-SFO-01,2026-08-28T10:45:00Z,-19.81,42.77,false,OK
TEL-0001347,RU-SFO-01,2026-08-28T10:50:00Z,-20.06,45.86,false,OK
TEL-0001348,RU-SFO-01,2026-08-28T10:55:00Z,-20.13,42.06,false,OK
TEL-0001349,RU-SFO-01,2026-08-28T11:00:00Z,-20.18,42.07,false,OK
TEL-0001350,RU-SFO-01,2026-08-28T11:05:00Z,-20.35,45.36,false,OK
TEL-0001351,RU-SFO-01,2026-08-28T11:10:00Z,-19.87,45.79,false,OK
TEL-0001352,RU-SFO-01,2026-08-28T11:15:00Z,-20.13,41.88,false,OK
TEL-0001353,RU-SFO-01,2026-08-28T11:20:00Z,-19.95,43.61,false,OK
TEL-0001354,RU-SFO-01,2026-08-28T11:25:00Z,-21.04,44.94,false,OK
TEL-0001355,RU-SFO-01,2026-08-28T11:30:00Z,-20.69,42.93,false,OK
TEL-0001356,RU-SFO-01,2026-08-28T11:35:00Z,-20.47,44.07,false,OK
TEL-0001357,RU-SFO-01,2026-08-28T11:40:00Z,-21.07,41.15,false,OK
TEL-0001358,RU-SFO-01,2026-08-28T11:45:00Z,-19.82,46.31,false,OK
TEL-0001359,RU-SFO-01,2026-08-28T11:50:00Z,-20.23,42.7,false,OK
TEL-0001360,RU-SFO-01,2026-08-28T11:55:00Z,-21.18,43.26,false,OK
TEL-0001361,RU-SFO-01,2026-08-28T12:00:00Z,-20.62,42.73,false,OK
TEL-0001362,RU-SFO-01,2026-08-28T12:05:00Z,-20.54,42.05,false,OK
TEL-0001363,RU-SFO-01,2026-08-28T12:10:00Z,-20.3,43.04,false,OK
TEL-0001364,RU-SFO-01,2026-08-28T12:15:00Z,-20.01,46.82,false,OK
TEL-0001365,RU-SFO-01,2026-08-28T12:20:00Z,-19.82,42.13,false,OK
TEL-0001366,RU-SFO-01,2026-08-28T12:25:00Z,-20.1,44.98,false,OK
TEL-0001367,RU-SFO-01,2026-08-28T12:30:00Z,-20.0,45.88,false,OK
TEL-0001368,RU-SFO-01,2026-08-28T12:35:00Z,-21.06,45.4,false,OK
TEL-0001369,RU-SFO-01,2026-08-28T12:40:00Z,-20.5,45.43,false,OK
TEL-0001370,RU-SFO-01,2026-08-28T12:45:00Z,-21.17,44.37,false,OK
TEL-0001371,RU-SFO-01,2026-08-28T12:50:00Z,-20.92,43.76,false,OK
TEL-0001372,RU-SFO-01,2026-08-28T12:55:00Z,-19.82,45.17,false,OK
TEL-0001373,RU-SFO-01,2026-08-28T13:00:00Z,-20.44,42.53,false,OK
TEL-0001374,RU-SFO-01,2026-08-28T13:05:00Z,-20.4,45.98,false,OK
TEL-0001375,RU-SFO-01,2026-08-28T13:10:00Z,-21.0,45.83,false,OK
TEL-0001376,RU-SFO-01,2026-08-28T13:15:00Z,-20.24,44.03,false,OK
TEL-0001377,RU-SFO-01,2026-08-28T13:20:00Z,-20.06,41.41,false,OK
TEL-0001378,RU-SFO-01,2026-08-28T13:25:00Z,-20.45,41.59,false,OK
TEL-0001379,RU-SFO-01,2026-08-28T13:30:00Z,-20.65,46.37,false,OK
TEL-0001380,RU-SFO-01,2026-08-28T13:35:00Z,-20.94,43.5,false,OK
TEL-0001381,RU-SFO-01,2026-08-28T13:40:00Z,-20.85,46.24,false,OK
TEL-0001382,RU-SFO-01,2026-08-28T13:45:00Z,-21.19,42.66,false,OK
TEL-0001383,RU-SFO-01,2026-08-28T13:50:00Z,-20.15,43.96,false,OK
TEL-0001384,RU-SFO-01,2026-08-28T13:55:00Z,-20.81,41.73,false,OK
TEL-0001385,RU-SFO-01,2026-08-28T14:00:00Z,-20.09,42.83,false,OK
TEL-0001386,RU-SFO-01,2026-08-28T14:05:00Z,-20.67,41.16,false,OK
TEL-0001387,RU-SFO-01,2026-08-28T14:10:00Z,-20.22,46.14,false,OK
TEL-0001388,RU-SFO-01,2026-08-28T14:15:00Z,-20.25,44.2,false,OK
TEL-0001389,RU-SFO-01,2026-08-28T14:20:00Z,-20.73,44.05,false,OK
TEL-0001390,RU-SFO-01,2026-08-28T14:25:00Z,-21.06,44.92,false,OK
TEL-0001391,RU-SFO-01,2026-08-28T14:30:00Z,-20.15,41.89,false,OK
TEL-0001392,RU-SFO-01,2026-08-28T14:35:00Z,-20.08,42.54,false,OK
TEL-0001393,RU-SFO-01,2026-08-28T14:40:00Z,-19.94,44.52,false,OK
TEL-0001394,RU-SFO-01,2026-08-28T14:45:00Z,-20.7,41.87,false,OK
TEL-0001395,RU-SFO-01,2026-08-28T14:50:00Z,-20.34,46.15,false,OK
TEL-0001396,RU-SFO-01,2026-08-28T14:55:00Z,-21.15,45.14,false,OK
TEL-0001397,RU-SFO-01,2026-08-28T15:00:00Z,-20.55,44.48,false,OK
TEL-0001398,RU-SFO-01,2026-08-28T15:05:00Z,-21.16,41.44,false,OK
TEL-0001399,RU-SFO-01,2026-08-28T15:10:00Z,-21.01,41.21,false,OK
TEL-0001400,RU-SFO-01,2026-08-28T15:15:00Z,-21.16,44.74,false,OK
TEL-0001401,RU-SFO-01,2026-08-28T15:20:00Z,-19.96,44.89,false,OK
TEL-0001402,RU-SFO-01,2026-08-28T15:25:00Z,-19.88,41.13,false,OK
TEL-0001403,RU-SFO-01,2026-08-28T15:30:00Z,-20.06,45.59,false,OK
TEL-0001404,RU-SFO-01,2026-08-28T15:35:00Z,-20.71,45.38,false,OK
TEL-0001405,RU-SFO-01,2026-08-28T15:40:00Z,-20.7,42.9,false,OK
TEL-0001406,RU-SFO-01,2026-08-28T15:45:00Z,-20.03,45.43,false,OK
TEL-0001407,RU-SFO-01,2026-08-28T15:50:00Z,-21.08,43.33,false,OK
TEL-0001408,RU-SFO-01,2026-08-28T15:55:00Z,-20.44,42.92,false,OK
TEL-0001409,RU-SFO-01,2026-08-28T16:00:00Z,-20.2,46.5,false,OK
TEL-0001410,RU-SFO-01,2026-08-28T16:05:00Z,-20.24,44.23,false,OK
TEL-0001411,RU-SFO-01,2026-08-28T16:10:00Z,-20.61,42.57,false,OK
TEL-0001412,RU-SFO-01,2026-08-28T16:15:00Z,-21.05,45.57,false,OK
TEL-0001413,RU-SFO-01,2026-08-28T16:20:00Z,-20.86,44.53,false,OK
TEL-0001414,RU-SFO-01,2026-08-28T16:25:00Z,-20.0,44.6,false,OK
TEL-0001415,RU-SFO-01,2026-08-28T16:30:00Z,-20.5,45.91,false,OK
TEL-0001416,RU-SFO-01,2026-08-28T16:35:00Z,-19.93,41.23,false,OK
TEL-0001417,RU-SFO-01,2026-08-28T16:40:00Z,-20.95,42.74,false,OK
TEL-0001418,RU-SFO-01,2026-08-28T16:45:00Z,-19.85,44.52,false,OK
TEL-0001419,RU-SFO-01,2026-08-28T16:50:00Z,-20.79,42.59,false,OK
TEL-0001420,RU-SFO-01,2026-08-28T16:55:00Z,-20.51,44.75,false,OK
TEL-0001421,RU-SFO-01,2026-08-28T17:00:00Z,-19.97,46.79,false,OK
TEL-0001422,RU-SFO-01,2026-08-28T17:05:00Z,-21.02,44.79,false,OK
TEL-0001423,RU-SFO-01,2026-08-28T17:10:00Z,-19.82,41.59,false,OK
TEL-0001424,RU-SFO-01,2026-08-28T17:15:00Z,-20.3,41.71,false,OK
TEL-0001425,RU-SFO-01,2026-08-28T17:20:00Z,-20.83,43.73,false,OK
TEL-0001426,RU-SFO-01,2026-08-28T17:25:00Z,-20.03,45.7,false,OK
TEL-0001427,RU-SFO-01,2026-08-28T17:30:00Z,-13.66,41.04,true,OK
TEL-0001428,RU-SFO-01,2026-08-28T17:35:00Z,-13.59,44.08,true,OK
TEL-0001429,RU-SFO-01,2026-08-28T17:40:00Z,-13.35,46.42,true,OK
TEL-0001430,RU-SFO-01,2026-08-28T17:45:00Z,-13.69,43.11,true,OK
TEL-0001431,RU-SFO-01,2026-08-28T17:50:00Z,-13.69,45.68,true,OK
TEL-0001432,RU-SFO-01,2026-08-28T17:55:00Z,-13.25,46.76,true,OK
TEL-0001433,RU-SFO-01,2026-08-28T18:00:00Z,-13.67,45.29,true,OK
TEL-0001434,RU-SFO-01,2026-08-28T18:05:00Z,-13.42,44.12,true,OK
TEL-0001435,RU-SFO-01,2026-08-28T18:10:00Z,-21.19,45.09,false,OK
TEL-0001436,RU-SFO-01,2026-08-28T18:15:00Z,-20.53,42.88,false,OK
TEL-0001437,RU-SFO-01,2026-08-28T18:20:00Z,-20.21,43.38,false,OK
TEL-0001438,RU-SFO-01,2026-08-28T18:25:00Z,-20.29,46.0,false,OK
TEL-0001439,RU-SFO-01,2026-08-28T18:30:00Z,-20.17,44.65,false,OK
TEL-0001440,RU-SFO-01,2026-08-28T18:35:00Z,-21.07,44.5,false,OK
TEL-0001441,RU-SFO-01,2026-08-28T18:40:00Z,-20.08,41.36,false,OK
TEL-0001442,RU-SFO-01,2026-08-28T18:45:00Z,-20.43,42.26,false,OK
TEL-0001443,RU-SFO-01,2026-08-28T18:50:00Z,-20.29,43.14,false,OK
TEL-0001444,RU-SFO-01,2026-08-28T18:55:00Z,-20.86,42.74,false,OK
TEL-0001445,RU-SFO-01,2026-08-28T19:00:00Z,-20.77,45.85,false,OK
TEL-0001446,RU-SFO-02,2026-08-27T19:00:00Z,-21.17,41.84,false,OK
TEL-0001447,RU-SFO-02,2026-08-27T19:05:00Z,-20.17,43.85,false,OK
TEL-0001448,RU-SFO-02,2026-08-27T19:10:00Z,-20.62,43.88,false,OK
TEL-0001449,RU-SFO-02,2026-08-27T19:15:00Z,-20.95,42.97,false,OK
TEL-0001450,RU-SFO-02,2026-08-27T19:20:00Z,-19.91,41.76,false,OK
TEL-0001451,RU-SFO-02,2026-08-27T19:25:00Z,-20.79,43.16,false,OK
TEL-0001452,RU-SFO-02,2026-08-27T19:30:00Z,-20.37,46.27,false,OK
TEL-0001453,RU-SFO-02,2026-08-27T19:35:00Z,-19.96,43.65,false,OK
TEL-0001454,RU-SFO-02,2026-08-27T19:40:00Z,-20.41,44.65,false,OK
TEL-0001455,RU-SFO-02,2026-08-27T19:45:00Z,-20.97,42.12,false,OK
TEL-0001456,RU-SFO-02,2026-08-27T19:50:00Z,-19.88,46.11,false,OK
TEL-0001457,RU-SFO-02,2026-08-27T19:55:00Z,-20.2,42.65,false,OK
TEL-0001458,RU-SFO-02,2026-08-27T20:00:00Z,-20.11,41.6,false,OK
TEL-0001459,RU-SFO-02,2026-08-27T20:05:00Z,-20.68,41.17,false,OK
TEL-0001460,RU-SFO-02,2026-08-27T20:10:00Z,-19.81,41.73,false,OK
TEL-0001461,RU-SFO-02,2026-08-27T20:15:00Z,-21.01,44.6,false,OK
TEL-0001462,RU-SFO-02,2026-08-27T20:20:00Z,-20.53,41.3,false,OK
TEL-0001463,RU-SFO-02,2026-08-27T20:25:00Z,-20.33,44.43,false,OK
TEL-0001464,RU-SFO-02,2026-08-27T20:30:00Z,-20.21,46.9,false,OK
TEL-0001465,RU-SFO-02,2026-08-27T20:35:00Z,-20.37,42.69,false,OK
TEL-0001466,RU-SFO-02,2026-08-27T20:40:00Z,-21.03,46.91,false,OK
TEL-0001467,RU-SFO-02,2026-08-27T20:45:00Z,-20.28,41.1,false,OK
TEL-0001468,RU-SFO-02,2026-08-27T20:50:00Z,-20.46,44.88,false,OK
TEL-0001469,RU-SFO-02,2026-08-27T20:55:00Z,-20.99,44.59,false,OK
TEL-0001470,RU-SFO-02,2026-08-27T21:00:00Z,-21.18,42.8,false,OK
TEL-0001471,RU-SFO-02,2026-08-27T21:05:00Z,-20.03,43.68,false,OK
TEL-0001472,RU-SFO-02,2026-08-27T21:10:00Z,-20.63,42.72,false,OK
TEL-0001473,RU-SFO-02,2026-08-27T21:15:00Z,-20.81,44.13,false,OK
TEL-0001474,RU-SFO-02,2026-08-27T21:20:00Z,-21.03,43.56,false,OK
TEL-0001475,RU-SFO-02,2026-08-27T21:25:00Z,-19.92,45.75,false,OK
TEL-0001476,RU-SFO-02,2026-08-27T21:30:00Z,-20.44,41.7,false,OK
TEL-0001477,RU-SFO-02,2026-08-27T21:35:00Z,-20.2,44.05,false,OK
TEL-0001478,RU-SFO-02,2026-08-27T21:40:00Z,-19.84,45.66,false,OK
TEL-0001479,RU-SFO-02,2026-08-27T21:45:00Z,-21.01,42.34,false,OK
TEL-0001480,RU-SFO-02,2026-08-27T21:50:00Z,-19.92,44.98,false,OK
TEL-0001481,RU-SFO-02,2026-08-27T21:55:00Z,-20.24,42.2,false,OK
TEL-0001482,RU-SFO-02,2026-08-27T22:00:00Z,-20.15,42.35,false,OK
TEL-0001483,RU-SFO-02,2026-08-27T22:05:00Z,-21.08,43.53,false,OK
TEL-0001484,RU-SFO-02,2026-08-27T22:10:00Z,-20.43,41.39,false,OK
TEL-0001485,RU-SFO-02,2026-08-27T22:15:00Z,-20.76,41.45,false,OK
TEL-0001486,RU-SFO-02,2026-08-27T22:20:00Z,-20.41,41.36,false,OK
TEL-0001487,RU-SFO-02,2026-08-27T22:25:00Z,-20.54,45.65,false,OK
TEL-0001488,RU-SFO-02,2026-08-27T22:30:00Z,-20.94,45.69,false,OK
TEL-0001489,RU-SFO-02,2026-08-27T22:35:00Z,-20.82,45.51,false,OK
TEL-0001490,RU-SFO-02,2026-08-27T22:40:00Z,-20.32,41.16,false,OK
TEL-0001491,RU-SFO-02,2026-08-27T22:45:00Z,-20.47,42.79,false,OK
TEL-0001492,RU-SFO-02,2026-08-27T22:50:00Z,-20.81,41.58,false,OK
TEL-0001493,RU-SFO-02,2026-08-27T22:55:00Z,-20.82,44.75,false,OK
TEL-0001494,RU-SFO-02,2026-08-27T23:00:00Z,-19.89,46.14,false,OK
TEL-0001495,RU-SFO-02,2026-08-27T23:05:00Z,-21.03,42.84,false,OK
TEL-0001496,RU-SFO-02,2026-08-27T23:10:00Z,-19.83,42.61,false,OK
TEL-0001497,RU-SFO-02,2026-08-27T23:15:00Z,-20.4,44.46,false,OK
TEL-0001498,RU-SFO-02,2026-08-27T23:20:00Z,-20.25,41.54,false,OK
TEL-0001499,RU-SFO-02,2026-08-27T23:25:00Z,-20.39,45.49,false,OK
TEL-0001500,RU-SFO-02,2026-08-27T23:30:00Z,-19.98,43.79,false,OK
TEL-0001501,RU-SFO-02,2026-08-27T23:35:00Z,-21.04,45.17,false,OK
TEL-0001502,RU-SFO-02,2026-08-27T23:40:00Z,-20.02,46.8,false,OK
TEL-0001503,RU-SFO-02,2026-08-27T23:45:00Z,-20.04,42.1,false,OK
TEL-0001504,RU-SFO-02,2026-08-27T23:50:00Z,-19.85,45.63,false,OK
TEL-0001505,RU-SFO-02,2026-08-27T23:55:00Z,-20.6,42.86,false,OK
TEL-0001506,RU-SFO-02,2026-08-28T00:00:00Z,-20.99,46.05,false,OK
TEL-0001507,RU-SFO-02,2026-08-28T00:05:00Z,-20.48,45.9,false,OK
TEL-0001508,RU-SFO-02,2026-08-28T00:10:00Z,-20.69,41.08,false,OK
TEL-0001509,RU-SFO-02,2026-08-28T00:15:00Z,-20.9,43.19,false,OK
TEL-0001510,RU-SFO-02,2026-08-28T00:20:00Z,-20.77,46.37,false,OK
TEL-0001511,RU-SFO-02,2026-08-28T00:25:00Z,-20.14,45.2,false,OK
TEL-0001512,RU-SFO-02,2026-08-28T00:30:00Z,-19.81,46.59,false,OK
TEL-0001513,RU-SFO-02,2026-08-28T00:35:00Z,-20.67,42.12,false,OK
TEL-0001514,RU-SFO-02,2026-08-28T00:40:00Z,-20.48,46.81,false,OK
TEL-0001515,RU-SFO-02,2026-08-28T00:45:00Z,-20.99,44.77,false,OK
TEL-0001516,RU-SFO-02,2026-08-28T00:50:00Z,-21.02,44.66,false,OK
TEL-0001517,RU-SFO-02,2026-08-28T00:55:00Z,-20.41,46.06,false,OK
TEL-0001518,RU-SFO-02,2026-08-28T01:00:00Z,-21.15,45.16,false,OK
TEL-0001519,RU-SFO-02,2026-08-28T01:05:00Z,-20.69,45.72,false,OK
TEL-0001520,RU-SFO-02,2026-08-28T01:10:00Z,-20.49,42.53,false,OK
TEL-0001521,RU-SFO-02,2026-08-28T01:15:00Z,-21.11,45.09,false,OK
TEL-0001522,RU-SFO-02,2026-08-28T01:20:00Z,-20.79,43.75,false,OK
TEL-0001523,RU-SFO-02,2026-08-28T01:25:00Z,-20.61,45.07,false,OK
TEL-0001524,RU-SFO-02,2026-08-28T01:30:00Z,-20.84,41.98,false,OK
TEL-0001525,RU-SFO-02,2026-08-28T01:35:00Z,-20.76,43.94,false,OK
TEL-0001526,RU-SFO-02,2026-08-28T01:40:00Z,-20.01,42.91,false,OK
TEL-0001527,RU-SFO-02,2026-08-28T01:45:00Z,-21.07,43.21,false,OK
TEL-0001528,RU-SFO-02,2026-08-28T01:50:00Z,-19.85,45.92,false,OK
TEL-0001529,RU-SFO-02,2026-08-28T01:55:00Z,-21.13,43.86,false,OK
TEL-0001530,RU-SFO-02,2026-08-28T02:00:00Z,-20.05,43.3,false,OK
TEL-0001531,RU-SFO-02,2026-08-28T02:05:00Z,-20.08,45.92,false,OK
TEL-0001532,RU-SFO-02,2026-08-28T02:10:00Z,-19.92,43.59,false,OK
TEL-0001533,RU-SFO-02,2026-08-28T02:15:00Z,-19.91,45.87,false,OK
TEL-0001534,RU-SFO-02,2026-08-28T02:20:00Z,-20.21,44.14,false,OK
TEL-0001535,RU-SFO-02,2026-08-28T02:25:00Z,-20.21,44.2,false,OK
TEL-0001536,RU-SFO-02,2026-08-28T02:30:00Z,-19.91,42.43,false,OK
TEL-0001537,RU-SFO-02,2026-08-28T02:35:00Z,-20.7,44.42,false,OK
TEL-0001538,RU-SFO-02,2026-08-28T02:40:00Z,-20.47,42.86,false,OK
TEL-0001539,RU-SFO-02,2026-08-28T02:45:00Z,-20.52,44.56,false,OK
TEL-0001540,RU-SFO-02,2026-08-28T02:50:00Z,-20.9,43.38,false,OK
TEL-0001541,RU-SFO-02,2026-08-28T02:55:00Z,-20.12,45.68,false,OK
TEL-0001542,RU-SFO-02,2026-08-28T03:00:00Z,-20.35,46.74,false,OK
TEL-0001543,RU-SFO-02,2026-08-28T03:05:00Z,-20.8,45.83,false,OK
TEL-0001544,RU-SFO-02,2026-08-28T03:10:00Z,-20.11,46.24,false,OK
TEL-0001545,RU-SFO-02,2026-08-28T03:15:00Z,-20.76,42.69,false,OK
TEL-0001546,RU-SFO-02,2026-08-28T03:20:00Z,-20.74,41.4,false,OK
TEL-0001547,RU-SFO-02,2026-08-28T03:25:00Z,-20.13,44.07,false,OK
TEL-0001548,RU-SFO-02,2026-08-28T03:30:00Z,-19.83,43.51,false,OK
TEL-0001549,RU-SFO-02,2026-08-28T03:35:00Z,-20.77,45.71,false,OK
TEL-0001550,RU-SFO-02,2026-08-28T03:40:00Z,-20.59,42.55,false,OK
TEL-0001551,RU-SFO-02,2026-08-28T03:45:00Z,-20.35,41.97,false,OK
TEL-0001552,RU-SFO-02,2026-08-28T03:50:00Z,-20.89,42.41,false,OK
TEL-0001553,RU-SFO-02,2026-08-28T03:55:00Z,-20.22,42.77,false,OK
TEL-0001554,RU-SFO-02,2026-08-28T04:00:00Z,-19.8,41.98,false,OK
TEL-0001555,RU-SFO-02,2026-08-28T04:05:00Z,-20.88,42.65,false,OK
TEL-0001556,RU-SFO-02,2026-08-28T04:10:00Z,-20.58,45.05,false,OK
TEL-0001557,RU-SFO-02,2026-08-28T04:15:00Z,-21.02,41.36,false,OK
TEL-0001558,RU-SFO-02,2026-08-28T04:20:00Z,-20.26,44.3,false,OK
TEL-0001559,RU-SFO-02,2026-08-28T04:25:00Z,-20.2,43.26,false,OK
TEL-0001560,RU-SFO-02,2026-08-28T04:30:00Z,-21.06,46.01,false,OK
TEL-0001561,RU-SFO-02,2026-08-28T04:35:00Z,-20.7,43.44,false,OK
TEL-0001562,RU-SFO-02,2026-08-28T04:40:00Z,-20.3,44.03,false,OK
TEL-0001563,RU-SFO-02,2026-08-28T04:45:00Z,-19.96,42.39,false,OK
TEL-0001564,RU-SFO-02,2026-08-28T04:50:00Z,-20.58,46.05,false,OK
TEL-0001565,RU-SFO-02,2026-08-28T04:55:00Z,-20.45,46.72,false,OK
TEL-0001566,RU-SFO-02,2026-08-28T05:00:00Z,-21.09,45.28,false,OK
TEL-0001567,RU-SFO-02,2026-08-28T05:05:00Z,-19.99,45.46,false,OK
TEL-0001568,RU-SFO-02,2026-08-28T05:10:00Z,-19.92,41.37,false,OK
TEL-0001569,RU-SFO-02,2026-08-28T05:15:00Z,-19.87,42.62,false,OK
TEL-0001570,RU-SFO-02,2026-08-28T05:20:00Z,-20.31,45.49,false,OK
TEL-0001571,RU-SFO-02,2026-08-28T05:25:00Z,-20.24,44.14,false,OK
TEL-0001572,RU-SFO-02,2026-08-28T05:30:00Z,-20.16,42.85,false,OK
TEL-0001573,RU-SFO-02,2026-08-28T05:35:00Z,-20.65,47.0,false,OK
TEL-0001574,RU-SFO-02,2026-08-28T05:40:00Z,-20.78,46.25,false,OK
TEL-0001575,RU-SFO-02,2026-08-28T05:45:00Z,-20.11,46.9,false,OK
TEL-0001576,RU-SFO-02,2026-08-28T05:50:00Z,-20.65,44.63,false,OK
TEL-0001577,RU-SFO-02,2026-08-28T05:55:00Z,-20.27,46.01,false,OK
TEL-0001578,RU-SFO-02,2026-08-28T06:00:00Z,-20.13,43.76,false,OK
TEL-0001579,RU-SFO-02,2026-08-28T06:05:00Z,-20.03,42.57,false,OK
TEL-0001580,RU-SFO-02,2026-08-28T06:10:00Z,-20.58,45.25,false,OK
TEL-0001581,RU-SFO-02,2026-08-28T06:15:00Z,-19.85,43.96,false,OK
TEL-0001582,RU-SFO-02,2026-08-28T06:20:00Z,-21.0,45.35,false,OK
TEL-0001583,RU-SFO-02,2026-08-28T06:25:00Z,-20.59,44.38,false,OK
TEL-0001584,RU-SFO-02,2026-08-28T06:30:00Z,-19.99,43.32,false,OK
TEL-0001585,RU-SFO-02,2026-08-28T06:35:00Z,-20.84,41.53,false,OK
TEL-0001586,RU-SFO-02,2026-08-28T06:40:00Z,-20.26,43.85,false,OK
TEL-0001587,RU-SFO-02,2026-08-28T06:45:00Z,-20.09,43.32,false,OK
TEL-0001588,RU-SFO-02,2026-08-28T06:50:00Z,-21.05,45.58,false,OK
TEL-0001589,RU-SFO-02,2026-08-28T06:55:00Z,-20.9,43.23,false,OK
TEL-0001590,RU-SFO-02,2026-08-28T07:00:00Z,-20.45,45.87,false,OK
TEL-0001591,RU-SFO-02,2026-08-28T07:05:00Z,-20.49,42.76,false,OK
TEL-0001592,RU-SFO-02,2026-08-28T07:10:00Z,-20.56,43.35,false,OK
TEL-0001593,RU-SFO-02,2026-08-28T07:15:00Z,-20.78,43.63,false,OK
TEL-0001594,RU-SFO-02,2026-08-28T07:20:00Z,-20.66,44.52,true,OK
TEL-0001595,RU-SFO-02,2026-08-28T07:25:00Z,-19.91,44.53,false,OK
TEL-0001596,RU-SFO-02,2026-08-28T07:30:00Z,-20.54,41.46,false,OK
TEL-0001597,RU-SFO-02,2026-08-28T07:35:00Z,-21.02,42.73,false,OK
TEL-0001598,RU-SFO-02,2026-08-28T07:40:00Z,-20.75,44.02,false,OK
TEL-0001599,RU-SFO-02,2026-08-28T07:45:00Z,-20.18,44.38,false,OK
TEL-0001600,RU-SFO-02,2026-08-28T07:50:00Z,-21.05,45.08,false,OK
TEL-0001601,RU-SFO-02,2026-08-28T07:55:00Z,-20.76,42.59,false,OK
TEL-0001602,RU-SFO-02,2026-08-28T08:00:00Z,-20.63,42.85,false,OK
TEL-0001603,RU-SFO-02,2026-08-28T08:05:00Z,-21.18,42.59,false,OK
TEL-0001604,RU-SFO-02,2026-08-28T08:10:00Z,-20.29,44.05,false,OK
TEL-0001605,RU-SFO-02,2026-08-28T08:15:00Z,-21.08,44.26,false,OK
TEL-0001606,RU-SFO-02,2026-08-28T08:20:00Z,-20.5,41.6,false,OK
TEL-0001607,RU-SFO-02,2026-08-28T08:25:00Z,-20.28,44.85,false,OK
TEL-0001608,RU-SFO-02,2026-08-28T08:30:00Z,-20.99,44.83,false,OK
TEL-0001609,RU-SFO-02,2026-08-28T08:35:00Z,-21.15,43.57,false,OK
TEL-0001610,RU-SFO-02,2026-08-28T08:40:00Z,-20.76,46.1,false,OK
TEL-0001611,RU-SFO-02,2026-08-28T08:45:00Z,-20.62,43.1,false,OK
TEL-0001612,RU-SFO-02,2026-08-28T08:50:00Z,-20.12,44.33,false,OK
TEL-0001613,RU-SFO-02,2026-08-28T08:55:00Z,-20.02,46.96,false,OK
TEL-0001614,RU-SFO-02,2026-08-28T09:00:00Z,-20.75,41.16,false,OK
TEL-0001615,RU-SFO-02,2026-08-28T09:05:00Z,-20.18,44.66,false,OK
TEL-0001616,RU-SFO-02,2026-08-28T09:10:00Z,-20.82,45.12,false,OK
TEL-0001617,RU-SFO-02,2026-08-28T09:15:00Z,-20.4,41.31,false,OK
TEL-0001618,RU-SFO-02,2026-08-28T09:20:00Z,-20.37,44.03,false,OK
TEL-0001619,RU-SFO-02,2026-08-28T09:25:00Z,-20.05,43.38,false,OK
TEL-0001620,RU-SFO-02,2026-08-28T09:30:00Z,-20.85,44.99,false,OK
TEL-0001621,RU-SFO-02,2026-08-28T09:35:00Z,-20.92,42.05,false,OK
TEL-0001622,RU-SFO-02,2026-08-28T09:40:00Z,-20.14,45.31,false,OK
TEL-0001623,RU-SFO-02,2026-08-28T09:45:00Z,-19.88,45.03,false,OK
TEL-0001624,RU-SFO-02,2026-08-28T09:50:00Z,-20.06,47.0,false,OK
TEL-0001625,RU-SFO-02,2026-08-28T09:55:00Z,-20.97,41.45,false,OK
TEL-0001626,RU-SFO-02,2026-08-28T10:00:00Z,-20.18,43.01,false,OK
TEL-0001627,RU-SFO-02,2026-08-28T10:05:00Z,-19.93,45.36,false,OK
TEL-0001628,RU-SFO-02,2026-08-28T10:10:00Z,-19.82,42.53,false,OK
TEL-0001629,RU-SFO-02,2026-08-28T10:15:00Z,-20.49,43.39,false,OK
TEL-0001630,RU-SFO-02,2026-08-28T10:20:00Z,-21.05,46.36,false,OK
TEL-0001631,RU-SFO-02,2026-08-28T10:25:00Z,-20.41,45.44,false,OK
TEL-0001632,RU-SFO-02,2026-08-28T10:30:00Z,-19.96,43.24,false,OK
TEL-0001633,RU-SFO-02,2026-08-28T10:35:00Z,-21.01,45.58,false,OK
TEL-0001634,RU-SFO-02,2026-08-28T10:40:00Z,-21.15,45.1,false,OK
TEL-0001635,RU-SFO-02,2026-08-28T10:45:00Z,-20.12,42.03,false,OK
TEL-0001636,RU-SFO-02,2026-08-28T10:50:00Z,-20.72,42.11,false,OK
TEL-0001637,RU-SFO-02,2026-08-28T10:55:00Z,-20.8,45.52,false,OK
TEL-0001638,RU-SFO-02,2026-08-28T11:00:00Z,-20.4,43.33,false,OK
TEL-0001639,RU-SFO-02,2026-08-28T11:05:00Z,-21.06,44.8,false,OK
TEL-0001640,RU-SFO-02,2026-08-28T11:10:00Z,-20.11,45.67,false,OK
TEL-0001641,RU-SFO-02,2026-08-28T11:15:00Z,-21.11,43.47,false,OK
TEL-0001642,RU-SFO-02,2026-08-28T11:20:00Z,-21.2,42.68,true,OK
TEL-0001643,RU-SFO-02,2026-08-28T11:25:00Z,-20.51,42.57,false,OK
TEL-0001644,RU-SFO-02,2026-08-28T11:30:00Z,-20.68,43.53,true,OK
TEL-0001645,RU-SFO-02,2026-08-28T11:35:00Z,-19.85,41.19,false,OK
TEL-0001646,RU-SFO-02,2026-08-28T11:40:00Z,-20.86,46.09,false,OK
TEL-0001647,RU-SFO-02,2026-08-28T11:45:00Z,-20.56,41.07,false,OK
TEL-0001648,RU-SFO-02,2026-08-28T11:50:00Z,-20.25,42.61,false,OK
TEL-0001649,RU-SFO-02,2026-08-28T11:55:00Z,-20.78,45.85,false,OK
TEL-0001650,RU-SFO-02,2026-08-28T12:00:00Z,-21.0,41.76,false,OK
TEL-0001651,RU-SFO-02,2026-08-28T12:05:00Z,-20.48,43.29,false,OK
TEL-0001652,RU-SFO-02,2026-08-28T12:10:00Z,-19.92,43.72,false,OK
TEL-0001653,RU-SFO-02,2026-08-28T12:15:00Z,-19.84,41.81,false,OK
TEL-0001654,RU-SFO-02,2026-08-28T12:20:00Z,-21.12,46.54,false,OK
TEL-0001655,RU-SFO-02,2026-08-28T12:25:00Z,-21.05,45.19,false,OK
TEL-0001656,RU-SFO-02,2026-08-28T12:30:00Z,-20.89,42.11,false,OK
TEL-0001657,RU-SFO-02,2026-08-28T12:35:00Z,-20.95,44.0,false,OK
TEL-0001658,RU-SFO-02,2026-08-28T12:40:00Z,-19.81,41.8,false,OK
TEL-0001659,RU-SFO-02,2026-08-28T12:45:00Z,-20.81,42.45,false,OK
TEL-0001660,RU-SFO-02,2026-08-28T12:50:00Z,-21.05,41.48,false,OK
TEL-0001661,RU-SFO-02,2026-08-28T12:55:00Z,-20.4,42.89,false,OK
TEL-0001662,RU-SFO-02,2026-08-28T13:00:00Z,-20.42,42.23,false,OK
TEL-0001663,RU-SFO-02,2026-08-28T13:05:00Z,-20.43,44.32,false,OK
TEL-0001664,RU-SFO-02,2026-08-28T13:10:00Z,-20.43,44.79,false,OK
TEL-0001665,RU-SFO-02,2026-08-28T13:15:00Z,-20.93,45.64,true,OK
TEL-0001666,RU-SFO-02,2026-08-28T13:20:00Z,-20.8,46.19,false,OK
TEL-0001667,RU-SFO-02,2026-08-28T13:25:00Z,-20.87,44.73,false,OK
TEL-0001668,RU-SFO-02,2026-08-28T13:30:00Z,-20.32,45.2,false,OK
TEL-0001669,RU-SFO-02,2026-08-28T13:35:00Z,-20.19,42.78,false,OK
TEL-0001670,RU-SFO-02,2026-08-28T13:40:00Z,-20.82,45.27,false,OK
TEL-0001671,RU-SFO-02,2026-08-28T13:45:00Z,-19.97,43.02,false,OK
TEL-0001672,RU-SFO-02,2026-08-28T13:50:00Z,-20.64,44.72,false,OK
TEL-0001673,RU-SFO-02,2026-08-28T13:55:00Z,-21.09,46.3,false,OK
TEL-0001674,RU-SFO-02,2026-08-28T14:00:00Z,-20.6,44.11,false,OK
TEL-0001675,RU-SFO-02,2026-08-28T14:05:00Z,-21.09,42.4,false,OK
TEL-0001676,RU-SFO-02,2026-08-28T14:10:00Z,-20.57,46.33,false,OK
TEL-0001677,RU-SFO-02,2026-08-28T14:15:00Z,-20.16,44.13,false,OK
TEL-0001678,RU-SFO-02,2026-08-28T14:20:00Z,-19.9,43.57,false,OK
TEL-0001679,RU-SFO-02,2026-08-28T14:25:00Z,-20.82,42.29,false,OK
TEL-0001680,RU-SFO-02,2026-08-28T14:30:00Z,-20.45,41.82,false,OK
TEL-0001681,RU-SFO-02,2026-08-28T14:35:00Z,-20.16,46.49,false,OK
TEL-0001682,RU-SFO-02,2026-08-28T14:40:00Z,-20.47,46.74,false,OK
TEL-0001683,RU-SFO-02,2026-08-28T14:45:00Z,-19.95,43.31,false,OK
TEL-0001684,RU-SFO-02,2026-08-28T14:50:00Z,-19.89,42.71,false,OK
TEL-0001685,RU-SFO-02,2026-08-28T14:55:00Z,-20.13,45.14,false,OK
TEL-0001686,RU-SFO-02,2026-08-28T15:00:00Z,-21.2,46.2,false,OK
TEL-0001687,RU-SFO-02,2026-08-28T15:05:00Z,-20.14,41.66,false,OK
TEL-0001688,RU-SFO-02,2026-08-28T15:10:00Z,-20.17,42.25,false,OK
TEL-0001689,RU-SFO-02,2026-08-28T15:15:00Z,-20.4,43.95,false,OK
TEL-0001690,RU-SFO-02,2026-08-28T15:20:00Z,-19.86,42.53,false,OK
TEL-0001691,RU-SFO-02,2026-08-28T15:25:00Z,-21.18,46.09,false,OK
TEL-0001692,RU-SFO-02,2026-08-28T15:30:00Z,-20.55,45.63,true,OK
TEL-0001693,RU-SFO-02,2026-08-28T15:35:00Z,-19.91,46.08,false,OK
TEL-0001694,RU-SFO-02,2026-08-28T15:40:00Z,-20.41,42.73,false,OK
TEL-0001695,RU-SFO-02,2026-08-28T15:45:00Z,-20.5,43.73,false,OK
TEL-0001696,RU-SFO-02,2026-08-28T15:50:00Z,-20.51,44.57,false,OK
TEL-0001697,RU-SFO-02,2026-08-28T15:55:00Z,-20.27,43.29,false,OK
TEL-0001698,RU-SFO-02,2026-08-28T16:00:00Z,-21.2,43.77,false,OK
TEL-0001699,RU-SFO-02,2026-08-28T16:05:00Z,-20.42,45.08,false,OK
TEL-0001700,RU-SFO-02,2026-08-28T16:10:00Z,-20.21,45.44,false,OK
TEL-0001701,RU-SFO-02,2026-08-28T16:15:00Z,-20.56,41.41,false,OK
TEL-0001702,RU-SFO-02,2026-08-28T16:20:00Z,-20.04,42.21,false,OK
TEL-0001703,RU-SFO-02,2026-08-28T16:25:00Z,-20.96,42.28,false,OK
TEL-0001704,RU-SFO-02,2026-08-28T16:30:00Z,-20.49,44.54,false,OK
TEL-0001705,RU-SFO-02,2026-08-28T16:35:00Z,-20.68,43.39,false,OK
TEL-0001706,RU-SFO-02,2026-08-28T16:40:00Z,-20.53,44.51,false,OK
TEL-0001707,RU-SFO-02,2026-08-28T16:45:00Z,-20.06,45.41,false,OK
TEL-0001708,RU-SFO-02,2026-08-28T16:50:00Z,-20.2,46.67,false,OK
TEL-0001709,RU-SFO-02,2026-08-28T16:55:00Z,-20.2,41.25,false,OK
TEL-0001710,RU-SFO-02,2026-08-28T17:00:00Z,-20.41,45.51,false,OK
TEL-0001711,RU-SFO-02,2026-08-28T17:05:00Z,-20.48,41.95,false,OK
TEL-0001712,RU-SFO-02,2026-08-28T17:10:00Z,-19.86,46.21,false,OK
TEL-0001713,RU-SFO-02,2026-08-28T17:15:00Z,-21.19,43.07,false,OK
TEL-0001714,RU-SFO-02,2026-08-28T17:20:00Z,-21.12,42.12,false,OK
TEL-0001715,RU-SFO-02,2026-08-28T17:25:00Z,-20.25,42.54,false,OK
TEL-0001716,RU-SFO-02,2026-08-28T17:30:00Z,-20.97,42.9,false,OK
TEL-0001717,RU-SFO-02,2026-08-28T17:35:00Z,-20.81,44.3,false,OK
TEL-0001718,RU-SFO-02,2026-08-28T17:40:00Z,-20.25,44.62,true,OK
TEL-0001719,RU-SFO-02,2026-08-28T17:45:00Z,-21.0,45.14,true,OK
TEL-0001720,RU-SFO-02,2026-08-28T17:50:00Z,-20.59,44.33,false,OK
TEL-0001721,RU-SFO-02,2026-08-28T17:55:00Z,-19.86,42.26,false,OK
TEL-0001722,RU-SFO-02,2026-08-28T18:00:00Z,-19.84,43.35,false,OK
TEL-0001723,RU-SFO-02,2026-08-28T18:05:00Z,-21.11,42.04,false,OK
TEL-0001724,RU-SFO-02,2026-08-28T18:10:00Z,-20.12,46.35,false,OK
TEL-0001725,RU-SFO-02,2026-08-28T18:15:00Z,-19.85,45.18,false,OK
TEL-0001726,RU-SFO-02,2026-08-28T18:20:00Z,-20.07,46.71,false,OK
TEL-0001727,RU-SFO-02,2026-08-28T18:25:00Z,-20.22,42.97,false,OK
TEL-0001728,RU-SFO-02,2026-08-28T18:30:00Z,-20.76,41.33,false,OK
TEL-0001729,RU-SFO-02,2026-08-28T18:35:00Z,-20.63,44.69,false,OK
TEL-0001730,RU-SFO-02,2026-08-28T18:40:00Z,-20.16,46.43,false,OK
TEL-0001731,RU-SFO-02,2026-08-28T18:45:00Z,-20.91,41.55,false,OK
TEL-0001732,RU-SFO-02,2026-08-28T18:50:00Z,-20.95,43.21,false,OK
TEL-0001733,RU-SFO-02,2026-08-28T18:55:00Z,-20.97,41.87,false,OK
TEL-0001734,RU-SFO-02,2026-08-28T19:00:00Z,-20.34,41.08,false,OK
TEL-0001735,RU-DEN-01,2026-08-27T19:00:00Z,-19.81,43.68,false,OK
TEL-0001736,RU-DEN-01,2026-08-27T19:05:00Z,-20.47,45.2,false,OK
TEL-0001737,RU-DEN-01,2026-08-27T19:10:00Z,-19.93,43.17,false,OK
TEL-0001738,RU-DEN-01,2026-08-27T19:15:00Z,-20.47,46.62,false,OK
TEL-0001739,RU-DEN-01,2026-08-27T19:20:00Z,-21.12,45.94,false,OK
TEL-0001740,RU-DEN-01,2026-08-27T19:25:00Z,-20.72,41.6,false,OK
TEL-0001741,RU-DEN-01,2026-08-27T19:30:00Z,-20.23,44.31,false,OK
TEL-0001742,RU-DEN-01,2026-08-27T19:35:00Z,-20.39,45.35,false,OK
TEL-0001743,RU-DEN-01,2026-08-27T19:40:00Z,-20.71,42.46,false,OK
TEL-0001744,RU-DEN-01,2026-08-27T19:45:00Z,-20.16,44.94,false,OK
TEL-0001745,RU-DEN-01,2026-08-27T19:50:00Z,-20.2,44.46,false,OK
TEL-0001746,RU-DEN-01,2026-08-27T19:55:00Z,-20.77,46.56,false,OK
TEL-0001747,RU-DEN-01,2026-08-27T20:00:00Z,-20.86,46.68,false,OK
TEL-0001748,RU-DEN-01,2026-08-27T20:05:00Z,-20.85,46.74,false,OK
TEL-0001749,RU-DEN-01,2026-08-27T20:10:00Z,-20.41,46.74,false,OK
TEL-0001750,RU-DEN-01,2026-08-27T20:15:00Z,-20.89,44.05,false,OK
TEL-0001751,RU-DEN-01,2026-08-27T20:20:00Z,-20.2,46.74,false,OK
TEL-0001752,RU-DEN-01,2026-08-27T20:25:00Z,-20.33,43.17,false,OK
TEL-0001753,RU-DEN-01,2026-08-27T20:30:00Z,-20.89,44.16,false,OK
TEL-0001754,RU-DEN-01,2026-08-27T20:35:00Z,-20.57,46.65,false,OK
TEL-0001755,RU-DEN-01,2026-08-27T20:40:00Z,-20.5,45.2,false,OK
TEL-0001756,RU-DEN-01,2026-08-27T20:45:00Z,-20.73,44.89,false,OK
TEL-0001757,RU-DEN-01,2026-08-27T20:50:00Z,-20.14,43.67,false,OK
TEL-0001758,RU-DEN-01,2026-08-27T20:55:00Z,-20.74,42.95,false,OK
TEL-0001759,RU-DEN-01,2026-08-27T21:00:00Z,-20.02,41.43,false,OK
TEL-0001760,RU-DEN-01,2026-08-27T21:05:00Z,-20.85,41.39,false,OK
TEL-0001761,RU-DEN-01,2026-08-27T21:10:00Z,-20.75,43.44,false,OK
TEL-0001762,RU-DEN-01,2026-08-27T21:15:00Z,-20.09,44.82,false,OK
TEL-0001763,RU-DEN-01,2026-08-27T21:20:00Z,-20.63,46.01,false,OK
TEL-0001764,RU-DEN-01,2026-08-27T21:25:00Z,-20.1,42.01,false,OK
TEL-0001765,RU-DEN-01,2026-08-27T21:30:00Z,-20.74,42.76,false,OK
TEL-0001766,RU-DEN-01,2026-08-27T21:35:00Z,-19.97,44.45,false,OK
TEL-0001767,RU-DEN-01,2026-08-27T21:40:00Z,-20.98,42.95,false,OK
TEL-0001768,RU-DEN-01,2026-08-27T21:45:00Z,-19.88,43.79,false,OK
TEL-0001769,RU-DEN-01,2026-08-27T21:50:00Z,-20.36,42.92,false,OK
TEL-0001770,RU-DEN-01,2026-08-27T21:55:00Z,-20.69,46.6,false,OK
TEL-0001771,RU-DEN-01,2026-08-27T22:00:00Z,-20.46,45.82,false,OK
TEL-0001772,RU-DEN-01,2026-08-27T22:05:00Z,-20.52,42.36,false,OK
TEL-0001773,RU-DEN-01,2026-08-27T22:10:00Z,-19.99,42.35,true,OK
TEL-0001774,RU-DEN-01,2026-08-27T22:15:00Z,-20.57,43.8,false,OK
TEL-0001775,RU-DEN-01,2026-08-27T22:20:00Z,-20.89,42.85,false,OK
TEL-0001776,RU-DEN-01,2026-08-27T22:25:00Z,-20.55,44.11,false,OK
TEL-0001777,RU-DEN-01,2026-08-27T22:30:00Z,-21.09,41.66,false,OK
TEL-0001778,RU-DEN-01,2026-08-27T22:35:00Z,-20.28,46.14,false,OK
TEL-0001779,RU-DEN-01,2026-08-27T22:40:00Z,-20.98,43.88,false,OK
TEL-0001780,RU-DEN-01,2026-08-27T22:45:00Z,-20.64,45.1,false,OK
TEL-0001781,RU-DEN-01,2026-08-27T22:50:00Z,-19.99,45.62,false,OK
TEL-0001782,RU-DEN-01,2026-08-27T22:55:00Z,-20.48,43.32,false,OK
TEL-0001783,RU-DEN-01,2026-08-27T23:00:00Z,-21.17,46.79,false,OK
TEL-0001784,RU-DEN-01,2026-08-27T23:05:00Z,-20.2,44.41,false,OK
TEL-0001785,RU-DEN-01,2026-08-27T23:10:00Z,-20.56,43.76,false,OK
TEL-0001786,RU-DEN-01,2026-08-27T23:15:00Z,-20.05,42.52,false,OK
TEL-0001787,RU-DEN-01,2026-08-27T23:20:00Z,-20.16,44.7,false,OK
TEL-0001788,RU-DEN-01,2026-08-27T23:25:00Z,-20.06,44.73,false,OK
TEL-0001789,RU-DEN-01,2026-08-27T23:30:00Z,-19.91,41.02,false,OK
TEL-0001790,RU-DEN-01,2026-08-27T23:35:00Z,-20.97,43.04,false,OK
TEL-0001791,RU-DEN-01,2026-08-27T23:40:00Z,-19.91,41.53,false,OK
TEL-0001792,RU-DEN-01,2026-08-27T23:45:00Z,-19.87,45.3,false,OK
TEL-0001793,RU-DEN-01,2026-08-27T23:50:00Z,-20.34,46.24,false,OK
TEL-0001794,RU-DEN-01,2026-08-27T23:55:00Z,-20.32,45.91,false,OK
TEL-0001795,RU-DEN-01,2026-08-28T00:00:00Z,-20.93,46.23,false,OK
TEL-0001796,RU-DEN-01,2026-08-28T00:05:00Z,-19.88,46.36,false,OK
TEL-0001797,RU-DEN-01,2026-08-28T00:10:00Z,-20.1,41.03,false,OK
TEL-0001798,RU-DEN-01,2026-08-28T00:15:00Z,-20.04,44.55,false,OK
TEL-0001799,RU-DEN-01,2026-08-28T00:20:00Z,-20.9,44.82,false,OK
TEL-0001800,RU-DEN-01,2026-08-28T00:25:00Z,-21.01,45.32,false,OK
TEL-0001801,RU-DEN-01,2026-08-28T00:30:00Z,-20.07,41.11,false,OK
TEL-0001802,RU-DEN-01,2026-08-28T00:35:00Z,-21.09,41.4,false,OK
TEL-0001803,RU-DEN-01,2026-08-28T00:40:00Z,-20.37,42.77,false,OK
TEL-0001804,RU-DEN-01,2026-08-28T00:45:00Z,-19.92,45.06,false,OK
TEL-0001805,RU-DEN-01,2026-08-28T00:50:00Z,-20.73,46.74,false,OK
TEL-0001806,RU-DEN-01,2026-08-28T00:55:00Z,-20.08,46.21,false,OK
TEL-0001807,RU-DEN-01,2026-08-28T01:00:00Z,-19.86,42.85,false,OK
TEL-0001808,RU-DEN-01,2026-08-28T01:05:00Z,-20.38,44.44,false,OK
TEL-0001809,RU-DEN-01,2026-08-28T01:10:00Z,-20.29,42.65,false,OK
TEL-0001810,RU-DEN-01,2026-08-28T01:15:00Z,-20.9,45.83,false,OK
TEL-0001811,RU-DEN-01,2026-08-28T01:20:00Z,-20.0,45.41,false,OK
TEL-0001812,RU-DEN-01,2026-08-28T01:25:00Z,-20.85,41.95,false,OK
TEL-0001813,RU-DEN-01,2026-08-28T01:30:00Z,-20.9,46.78,false,OK
TEL-0001814,RU-DEN-01,2026-08-28T01:35:00Z,-20.08,44.64,false,OK
TEL-0001815,RU-DEN-01,2026-08-28T01:40:00Z,-20.52,45.41,false,OK
TEL-0001816,RU-DEN-01,2026-08-28T01:45:00Z,-20.55,46.97,false,OK
TEL-0001817,RU-DEN-01,2026-08-28T01:50:00Z,-21.16,46.9,false,OK
TEL-0001818,RU-DEN-01,2026-08-28T01:55:00Z,-20.83,43.53,false,OK
TEL-0001819,RU-DEN-01,2026-08-28T02:00:00Z,-19.89,42.65,false,OK
TEL-0001820,RU-DEN-01,2026-08-28T02:05:00Z,-20.54,45.78,false,OK
TEL-0001821,RU-DEN-01,2026-08-28T02:10:00Z,-20.15,45.14,false,OK
TEL-0001822,RU-DEN-01,2026-08-28T02:15:00Z,-21.05,42.33,false,OK
TEL-0001823,RU-DEN-01,2026-08-28T02:20:00Z,-20.58,42.8,false,OK
TEL-0001824,RU-DEN-01,2026-08-28T02:25:00Z,-20.53,43.21,false,OK
TEL-0001825,RU-DEN-01,2026-08-28T02:30:00Z,-21.08,46.49,false,OK
TEL-0001826,RU-DEN-01,2026-08-28T02:35:00Z,-21.0,43.67,false,OK
TEL-0001827,RU-DEN-01,2026-08-28T02:40:00Z,-20.73,46.3,false,OK
TEL-0001828,RU-DEN-01,2026-08-28T02:45:00Z,-20.93,42.72,false,OK
TEL-0001829,RU-DEN-01,2026-08-28T02:50:00Z,-19.96,41.45,false,OK
TEL-0001830,RU-DEN-01,2026-08-28T02:55:00Z,-20.9,44.23,false,OK
TEL-0001831,RU-DEN-01,2026-08-28T03:00:00Z,-20.45,46.27,false,OK
TEL-0001832,RU-DEN-01,2026-08-28T03:05:00Z,-20.5,42.92,false,OK
TEL-0001833,RU-DEN-01,2026-08-28T03:10:00Z,-20.43,43.78,false,OK
TEL-0001834,RU-DEN-01,2026-08-28T03:15:00Z,-20.21,45.76,false,OK
TEL-0001835,RU-DEN-01,2026-08-28T03:20:00Z,-20.43,42.88,false,OK
TEL-0001836,RU-DEN-01,2026-08-28T03:25:00Z,-20.53,46.4,false,OK
TEL-0001837,RU-DEN-01,2026-08-28T03:30:00Z,-20.42,46.77,false,OK
TEL-0001838,RU-DEN-01,2026-08-28T03:35:00Z,-20.13,46.26,false,OK
TEL-0001839,RU-DEN-01,2026-08-28T03:40:00Z,-20.6,44.4,false,OK
TEL-0001840,RU-DEN-01,2026-08-28T03:45:00Z,-19.84,42.41,false,OK
TEL-0001841,RU-DEN-01,2026-08-28T03:50:00Z,-19.8,44.19,false,OK
TEL-0001842,RU-DEN-01,2026-08-28T03:55:00Z,-19.83,46.32,false,OK
TEL-0001843,RU-DEN-01,2026-08-28T04:00:00Z,-20.49,45.28,false,OK
TEL-0001844,RU-DEN-01,2026-08-28T04:05:00Z,-20.82,46.96,false,OK
TEL-0001845,RU-DEN-01,2026-08-28T04:10:00Z,-20.77,45.23,false,OK
TEL-0001846,RU-DEN-01,2026-08-28T04:15:00Z,-21.05,43.31,false,OK
TEL-0001847,RU-DEN-01,2026-08-28T04:20:00Z,-20.64,45.82,false,OK
TEL-0001848,RU-DEN-01,2026-08-28T04:25:00Z,-20.86,44.01,false,OK
TEL-0001849,RU-DEN-01,2026-08-28T04:30:00Z,-20.28,41.75,false,OK
TEL-0001850,RU-DEN-01,2026-08-28T04:35:00Z,-20.03,45.2,false,OK
TEL-0001851,RU-DEN-01,2026-08-28T04:40:00Z,-20.36,43.05,false,OK
TEL-0001852,RU-DEN-01,2026-08-28T04:45:00Z,-19.82,43.4,false,OK
TEL-0001853,RU-DEN-01,2026-08-28T04:50:00Z,-20.09,41.58,false,OK
TEL-0001854,RU-DEN-01,2026-08-28T04:55:00Z,-20.38,44.84,false,OK
TEL-0001855,RU-DEN-01,2026-08-28T05:00:00Z,-20.52,43.55,false,OK
TEL-0001856,RU-DEN-01,2026-08-28T05:05:00Z,-20.76,41.03,false,OK
TEL-0001857,RU-DEN-01,2026-08-28T05:10:00Z,-19.99,45.2,false,OK
TEL-0001858,RU-DEN-01,2026-08-28T05:15:00Z,-20.53,45.42,false,OK
TEL-0001859,RU-DEN-01,2026-08-28T05:20:00Z,-20.3,42.75,false,OK
TEL-0001860,RU-DEN-01,2026-08-28T05:25:00Z,-21.1,45.72,false,OK
TEL-0001861,RU-DEN-01,2026-08-28T05:30:00Z,-20.07,43.39,false,OK
TEL-0001862,RU-DEN-01,2026-08-28T05:35:00Z,-20.54,43.24,false,OK
TEL-0001863,RU-DEN-01,2026-08-28T05:40:00Z,-21.17,44.43,false,OK
TEL-0001864,RU-DEN-01,2026-08-28T05:45:00Z,-21.2,44.38,false,OK
TEL-0001865,RU-DEN-01,2026-08-28T05:50:00Z,-21.12,43.63,false,OK
TEL-0001866,RU-DEN-01,2026-08-28T05:55:00Z,-19.92,43.21,false,OK
TEL-0001867,RU-DEN-01,2026-08-28T06:00:00Z,-20.69,45.96,false,OK
TEL-0001868,RU-DEN-01,2026-08-28T06:05:00Z,-21.1,44.95,false,OK
TEL-0001869,RU-DEN-01,2026-08-28T06:10:00Z,-20.37,42.55,false,OK
TEL-0001870,RU-DEN-01,2026-08-28T06:15:00Z,-20.55,43.87,false,OK
TEL-0001871,RU-DEN-01,2026-08-28T06:20:00Z,-20.98,44.73,false,OK
TEL-0001872,RU-DEN-01,2026-08-28T06:25:00Z,-20.05,42.29,false,OK
TEL-0001873,RU-DEN-01,2026-08-28T06:30:00Z,-20.73,46.04,false,OK
TEL-0001874,RU-DEN-01,2026-08-28T06:35:00Z,-21.14,42.98,false,OK
TEL-0001875,RU-DEN-01,2026-08-28T06:40:00Z,-21.1,45.83,false,OK
TEL-0001876,RU-DEN-01,2026-08-28T06:45:00Z,-20.24,41.18,false,OK
TEL-0001877,RU-DEN-01,2026-08-28T06:50:00Z,-20.58,45.75,false,OK
TEL-0001878,RU-DEN-01,2026-08-28T06:55:00Z,-20.2,43.76,false,OK
TEL-0001879,RU-DEN-01,2026-08-28T07:00:00Z,-20.84,42.5,false,OK
TEL-0001880,RU-DEN-01,2026-08-28T07:05:00Z,-20.69,41.71,false,OK
TEL-0001881,RU-DEN-01,2026-08-28T07:10:00Z,-21.04,43.68,false,OK
TEL-0001882,RU-DEN-01,2026-08-28T07:15:00Z,-20.35,41.1,false,OK
TEL-0001883,RU-DEN-01,2026-08-28T07:20:00Z,-20.35,42.61,false,OK
TEL-0001884,RU-DEN-01,2026-08-28T07:25:00Z,-21.11,46.39,false,OK
TEL-0001885,RU-DEN-01,2026-08-28T07:30:00Z,-20.42,41.99,false,OK
TEL-0001886,RU-DEN-01,2026-08-28T07:35:00Z,-20.3,41.6,false,OK
TEL-0001887,RU-DEN-01,2026-08-28T07:40:00Z,-20.08,42.17,false,OK
TEL-0001888,RU-DEN-01,2026-08-28T07:45:00Z,-20.72,42.25,false,OK
TEL-0001889,RU-DEN-01,2026-08-28T07:50:00Z,-20.61,44.84,false,OK
TEL-0001890,RU-DEN-01,2026-08-28T07:55:00Z,-21.15,46.44,false,OK
TEL-0001891,RU-DEN-01,2026-08-28T08:00:00Z,-20.13,45.09,false,OK
TEL-0001892,RU-DEN-01,2026-08-28T08:05:00Z,-19.84,42.57,false,OK
TEL-0001893,RU-DEN-01,2026-08-28T08:10:00Z,-20.23,42.36,false,OK
TEL-0001894,RU-DEN-01,2026-08-28T08:15:00Z,-20.46,45.55,false,OK
TEL-0001895,RU-DEN-01,2026-08-28T08:20:00Z,-20.54,41.2,false,OK
TEL-0001896,RU-DEN-01,2026-08-28T08:25:00Z,-20.94,46.59,false,OK
TEL-0001897,RU-DEN-01,2026-08-28T08:30:00Z,-20.26,42.16,false,OK
TEL-0001898,RU-DEN-01,2026-08-28T08:35:00Z,-20.96,44.76,false,OK
TEL-0001899,RU-DEN-01,2026-08-28T08:40:00Z,-19.97,41.94,false,OK
TEL-0001900,RU-DEN-01,2026-08-28T08:45:00Z,-20.43,42.41,false,OK
TEL-0001901,RU-DEN-01,2026-08-28T08:50:00Z,-19.95,45.69,false,OK
TEL-0001902,RU-DEN-01,2026-08-28T08:55:00Z,-20.05,43.54,false,OK
TEL-0001903,RU-DEN-01,2026-08-28T09:00:00Z,-20.24,46.22,false,OK
TEL-0001904,RU-DEN-01,2026-08-28T09:05:00Z,-21.0,43.04,false,OK
TEL-0001905,RU-DEN-01,2026-08-28T09:10:00Z,-20.78,42.16,false,OK
TEL-0001906,RU-DEN-01,2026-08-28T09:15:00Z,-20.02,45.86,false,OK
TEL-0001907,RU-DEN-01,2026-08-28T09:20:00Z,-19.91,46.53,false,OK
TEL-0001908,RU-DEN-01,2026-08-28T09:25:00Z,-20.45,42.53,false,OK
TEL-0001909,RU-DEN-01,2026-08-28T09:30:00Z,-19.83,45.1,false,OK
TEL-0001910,RU-DEN-01,2026-08-28T09:35:00Z,-20.96,46.78,false,OK
TEL-0001911,RU-DEN-01,2026-08-28T09:40:00Z,-21.2,41.14,false,OK
TEL-0001912,RU-DEN-01,2026-08-28T09:45:00Z,-19.81,42.49,false,OK
TEL-0001913,RU-DEN-01,2026-08-28T09:50:00Z,-20.01,43.52,false,OK
TEL-0001914,RU-DEN-01,2026-08-28T09:55:00Z,-21.0,42.19,false,OK
TEL-0001915,RU-DEN-01,2026-08-28T10:00:00Z,-19.81,44.13,false,OK
TEL-0001916,RU-DEN-01,2026-08-28T10:05:00Z,-20.43,45.37,false,OK
TEL-0001917,RU-DEN-01,2026-08-28T10:10:00Z,-20.46,42.42,false,OK
TEL-0001918,RU-DEN-01,2026-08-28T10:15:00Z,-20.68,46.36,false,OK
TEL-0001919,RU-DEN-01,2026-08-28T10:20:00Z,-21.14,42.28,false,OK
TEL-0001920,RU-DEN-01,2026-08-28T10:25:00Z,-20.85,43.56,false,OK
TEL-0001921,RU-DEN-01,2026-08-28T10:30:00Z,-19.92,45.69,false,OK
TEL-0001922,RU-DEN-01,2026-08-28T10:35:00Z,-19.83,45.57,false,OK
TEL-0001923,RU-DEN-01,2026-08-28T10:40:00Z,-20.44,43.14,false,OK
TEL-0001924,RU-DEN-01,2026-08-28T10:45:00Z,-20.06,43.36,false,OK
TEL-0001925,RU-DEN-01,2026-08-28T10:50:00Z,-20.37,45.76,false,OK
TEL-0001926,RU-DEN-01,2026-08-28T10:55:00Z,-20.23,45.94,false,OK
TEL-0001927,RU-DEN-01,2026-08-28T11:00:00Z,-19.88,45.44,false,OK
TEL-0001928,RU-DEN-01,2026-08-28T11:05:00Z,-19.88,44.44,false,OK
TEL-0001929,RU-DEN-01,2026-08-28T11:10:00Z,-20.75,44.03,false,OK
TEL-0001930,RU-DEN-01,2026-08-28T11:15:00Z,-20.29,44.27,false,OK
TEL-0001931,RU-DEN-01,2026-08-28T11:20:00Z,-20.8,45.14,false,OK
TEL-0001932,RU-DEN-01,2026-08-28T11:25:00Z,-20.46,42.4,false,OK
TEL-0001933,RU-DEN-01,2026-08-28T11:30:00Z,-20.85,46.44,false,OK
TEL-0001934,RU-DEN-01,2026-08-28T11:35:00Z,-20.26,45.72,false,OK
TEL-0001935,RU-DEN-01,2026-08-28T11:40:00Z,-20.88,43.82,false,OK
TEL-0001936,RU-DEN-01,2026-08-28T11:45:00Z,-20.01,45.56,false,OK
TEL-0001937,RU-DEN-01,2026-08-28T11:50:00Z,-20.34,44.68,false,OK
TEL-0001938,RU-DEN-01,2026-08-28T11:55:00Z,-20.23,45.03,false,OK
TEL-0001939,RU-DEN-01,2026-08-28T12:00:00Z,-20.95,46.29,false,OK
TEL-0001940,RU-DEN-01,2026-08-28T12:05:00Z,-20.46,43.04,false,OK
TEL-0001941,RU-DEN-01,2026-08-28T12:10:00Z,-21.08,44.96,false,OK
TEL-0001942,RU-DEN-01,2026-08-28T12:15:00Z,-19.89,46.25,false,OK
TEL-0001943,RU-DEN-01,2026-08-28T12:20:00Z,-21.02,41.2,false,OK
TEL-0001944,RU-DEN-01,2026-08-28T12:25:00Z,-20.85,43.66,false,OK
TEL-0001945,RU-DEN-01,2026-08-28T12:30:00Z,-20.16,44.79,false,OK
TEL-0001946,RU-DEN-01,2026-08-28T12:35:00Z,-20.34,41.24,false,OK
TEL-0001947,RU-DEN-01,2026-08-28T12:40:00Z,-20.63,42.83,false,OK
TEL-0001948,RU-DEN-01,2026-08-28T12:45:00Z,-20.96,45.4,false,OK
TEL-0001949,RU-DEN-01,2026-08-28T12:50:00Z,-20.3,44.41,false,OK
TEL-0001950,RU-DEN-01,2026-08-28T12:55:00Z,-21.04,43.84,false,OK
TEL-0001951,RU-DEN-01,2026-08-28T13:00:00Z,-20.46,41.73,false,OK
TEL-0001952,RU-DEN-01,2026-08-28T13:05:00Z,-20.81,43.49,false,OK
TEL-0001953,RU-DEN-01,2026-08-28T13:10:00Z,-20.79,43.06,false,OK
TEL-0001954,RU-DEN-01,2026-08-28T13:15:00Z,-20.84,43.48,false,OK
TEL-0001955,RU-DEN-01,2026-08-28T13:20:00Z,-20.34,45.78,false,OK
TEL-0001956,RU-DEN-01,2026-08-28T13:25:00Z,-20.39,41.94,false,OK
TEL-0001957,RU-DEN-01,2026-08-28T13:30:00Z,-20.05,42.21,false,OK
TEL-0001958,RU-DEN-01,2026-08-28T13:35:00Z,-19.8,45.89,false,OK
TEL-0001959,RU-DEN-01,2026-08-28T13:40:00Z,-20.13,41.73,false,OK
TEL-0001960,RU-DEN-01,2026-08-28T13:45:00Z,-20.74,44.08,false,OK
TEL-0001961,RU-DEN-01,2026-08-28T13:50:00Z,-20.95,44.41,false,OK
TEL-0001962,RU-DEN-01,2026-08-28T13:55:00Z,-21.06,45.55,false,OK
TEL-0001963,RU-DEN-01,2026-08-28T14:00:00Z,-20.61,43.97,false,OK
TEL-0001964,RU-DEN-01,2026-08-28T14:05:00Z,-20.25,41.19,false,OK
TEL-0001965,RU-DEN-01,2026-08-28T14:10:00Z,-20.07,45.05,false,OK
TEL-0001966,RU-DEN-01,2026-08-28T14:15:00Z,-21.03,45.56,false,OK
TEL-0001967,RU-DEN-01,2026-08-28T14:20:00Z,-20.07,44.55,false,OK
TEL-0001968,RU-DEN-01,2026-08-28T14:25:00Z,-20.15,45.34,false,OK
TEL-0001969,RU-DEN-01,2026-08-28T14:30:00Z,-19.99,45.44,false,OK
TEL-0001970,RU-DEN-01,2026-08-28T14:35:00Z,-20.04,42.94,false,OK
TEL-0001971,RU-DEN-01,2026-08-28T14:40:00Z,-19.81,45.75,false,OK
TEL-0001972,RU-DEN-01,2026-08-28T14:45:00Z,-20.6,41.45,false,OK
TEL-0001973,RU-DEN-01,2026-08-28T14:50:00Z,-19.82,45.15,false,OK
TEL-0001974,RU-DEN-01,2026-08-28T14:55:00Z,-20.17,43.71,false,OK
TEL-0001975,RU-DEN-01,2026-08-28T15:00:00Z,-20.15,46.28,false,OK
TEL-0001976,RU-DEN-01,2026-08-28T15:05:00Z,-21.13,45.19,false,OK
TEL-0001977,RU-DEN-01,2026-08-28T15:10:00Z,-20.43,44.37,false,OK
TEL-0001978,RU-DEN-01,2026-08-28T15:15:00Z,-21.15,46.4,false,OK
TEL-0001979,RU-DEN-01,2026-08-28T15:20:00Z,-20.78,41.96,false,OK
TEL-0001980,RU-DEN-01,2026-08-28T15:25:00Z,-20.96,41.73,false,OK
TEL-0001981,RU-DEN-01,2026-08-28T15:30:00Z,-20.49,42.61,false,OK
TEL-0001982,RU-DEN-01,2026-08-28T15:35:00Z,-20.43,42.44,false,OK
TEL-0001983,RU-DEN-01,2026-08-28T15:40:00Z,-20.36,46.16,false,OK
TEL-0001984,RU-DEN-01,2026-08-28T15:45:00Z,-19.84,45.11,false,OK
TEL-0001985,RU-DEN-01,2026-08-28T15:50:00Z,-21.05,45.65,false,OK
TEL-0001986,RU-DEN-01,2026-08-28T15:55:00Z,-20.78,44.74,false,OK
TEL-0001987,RU-DEN-01,2026-08-28T16:00:00Z,-19.95,41.81,false,OK
TEL-0001988,RU-DEN-01,2026-08-28T16:05:00Z,-20.42,46.95,false,OK
TEL-0001989,RU-DEN-01,2026-08-28T16:10:00Z,-20.9,41.53,false,OK
TEL-0001990,RU-DEN-01,2026-08-28T16:15:00Z,-20.75,46.48,false,OK
TEL-0001991,RU-DEN-01,2026-08-28T16:20:00Z,-20.65,45.33,false,OK
TEL-0001992,RU-DEN-01,2026-08-28T16:25:00Z,-20.99,46.62,false,OK
TEL-0001993,RU-DEN-01,2026-08-28T16:30:00Z,-20.84,42.92,false,OK
TEL-0001994,RU-DEN-01,2026-08-28T16:35:00Z,-20.46,43.38,false,OK
TEL-0001995,RU-DEN-01,2026-08-28T16:40:00Z,-21.04,41.51,false,OK
TEL-0001996,RU-DEN-01,2026-08-28T16:45:00Z,-20.16,42.01,false,OK
TEL-0001997,RU-DEN-01,2026-08-28T16:50:00Z,-20.63,43.99,false,OK
TEL-0001998,RU-DEN-01,2026-08-28T16:55:00Z,-21.1,43.34,false,OK
TEL-0001999,RU-DEN-01,2026-08-28T17:00:00Z,-20.06,44.9,false,OK
TEL-0002000,RU-DEN-01,2026-08-28T17:05:00Z,-20.08,44.62,false,OK
TEL-0002001,RU-DEN-01,2026-08-28T17:10:00Z,-20.77,44.05,false,OK
TEL-0002002,RU-DEN-01,2026-08-28T17:15:00Z,-19.8,46.21,false,OK
TEL-0002003,RU-DEN-01,2026-08-28T17:20:00Z,-20.4,43.48,false,OK
TEL-0002004,RU-DEN-01,2026-08-28T17:25:00Z,-20.36,44.32,false,OK
TEL-0002005,RU-DEN-01,2026-08-28T17:30:00Z,-20.56,41.43,false,OK
TEL-0002006,RU-DEN-01,2026-08-28T17:35:00Z,-20.02,44.85,false,OK
TEL-0002007,RU-DEN-01,2026-08-28T17:40:00Z,-21.14,46.29,true,OK
TEL-0002008,RU-DEN-01,2026-08-28T17:45:00Z,-20.9,43.17,false,OK
TEL-0002009,RU-DEN-01,2026-08-28T17:50:00Z,-20.43,45.18,false,OK
TEL-0002010,RU-DEN-01,2026-08-28T17:55:00Z,-20.2,45.7,false,OK
TEL-0002011,RU-DEN-01,2026-08-28T18:00:00Z,-19.85,46.57,false,OK
TEL-0002012,RU-DEN-01,2026-08-28T18:05:00Z,-20.92,46.82,false,OK
TEL-0002013,RU-DEN-01,2026-08-28T18:10:00Z,-21.18,43.5,false,OK
TEL-0002014,RU-DEN-01,2026-08-28T18:15:00Z,-14.65,43.77,true,OK
TEL-0002015,RU-DEN-01,2026-08-28T18:20:00Z,-14.42,42.0,true,OK
TEL-0002016,RU-DEN-01,2026-08-28T18:25:00Z,-14.58,45.23,true,OK
TEL-0002017,RU-DEN-01,2026-08-28T18:30:00Z,-14.73,41.01,true,OK
TEL-0002018,RU-DEN-01,2026-08-28T18:35:00Z,-14.39,41.5,true,OK
TEL-0002019,RU-DEN-01,2026-08-28T18:40:00Z,-14.51,42.28,true,OK
TEL-0002020,RU-DEN-01,2026-08-28T18:45:00Z,-14.61,41.75,true,OK
TEL-0002021,RU-DEN-01,2026-08-28T18:50:00Z,-14.62,41.53,true,OK
TEL-0002022,RU-DEN-01,2026-08-28T18:55:00Z,-20.61,44.11,false,OK
TEL-0002023,RU-DEN-01,2026-08-28T19:00:00Z,-20.82,43.43,false,OK
TEL-0002024,RU-DEN-02,2026-08-27T19:00:00Z,-20.86,42.3,false,OK
TEL-0002025,RU-DEN-02,2026-08-27T19:05:00Z,-20.09,46.91,false,OK
TEL-0002026,RU-DEN-02,2026-08-27T19:10:00Z,-19.96,45.16,false,OK
TEL-0002027,RU-DEN-02,2026-08-27T19:15:00Z,-20.07,43.52,false,OK
TEL-0002028,RU-DEN-02,2026-08-27T19:20:00Z,-21.15,44.33,false,OK
TEL-0002029,RU-DEN-02,2026-08-27T19:25:00Z,-20.97,44.99,false,OK
TEL-0002030,RU-DEN-02,2026-08-27T19:30:00Z,-20.34,41.36,false,OK
TEL-0002031,RU-DEN-02,2026-08-27T19:35:00Z,-20.53,45.95,false,OK
TEL-0002032,RU-DEN-02,2026-08-27T19:40:00Z,-20.25,41.06,false,OK
TEL-0002033,RU-DEN-02,2026-08-27T19:45:00Z,-20.93,44.2,false,OK
TEL-0002034,RU-DEN-02,2026-08-27T19:50:00Z,-19.84,45.91,false,OK
TEL-0002035,RU-DEN-02,2026-08-27T19:55:00Z,-20.74,42.48,false,OK
TEL-0002036,RU-DEN-02,2026-08-27T20:00:00Z,-20.86,46.53,false,OK
TEL-0002037,RU-DEN-02,2026-08-27T20:05:00Z,-21.19,41.39,false,OK
TEL-0002038,RU-DEN-02,2026-08-27T20:10:00Z,-21.08,46.58,false,OK
TEL-0002039,RU-DEN-02,2026-08-27T20:15:00Z,-20.1,41.6,false,OK
TEL-0002040,RU-DEN-02,2026-08-27T20:20:00Z,-20.29,42.13,false,OK
TEL-0002041,RU-DEN-02,2026-08-27T20:25:00Z,-20.3,45.08,false,OK
TEL-0002042,RU-DEN-02,2026-08-27T20:30:00Z,-21.03,41.73,false,OK
TEL-0002043,RU-DEN-02,2026-08-27T20:35:00Z,-20.73,41.3,false,OK
TEL-0002044,RU-DEN-02,2026-08-27T20:40:00Z,-20.08,46.19,false,OK
TEL-0002045,RU-DEN-02,2026-08-27T20:45:00Z,-20.54,44.6,false,OK
TEL-0002046,RU-DEN-02,2026-08-27T20:50:00Z,-21.02,43.85,false,OK
TEL-0002047,RU-DEN-02,2026-08-27T20:55:00Z,-20.01,44.43,false,OK
TEL-0002048,RU-DEN-02,2026-08-27T21:00:00Z,-20.8,45.49,false,OK
TEL-0002049,RU-DEN-02,2026-08-27T21:05:00Z,-20.3,46.21,false,OK
TEL-0002050,RU-DEN-02,2026-08-27T21:10:00Z,-20.85,44.15,false,OK
TEL-0002051,RU-DEN-02,2026-08-27T21:15:00Z,-21.18,46.4,false,OK
TEL-0002052,RU-DEN-02,2026-08-27T21:20:00Z,-20.49,43.01,false,OK
TEL-0002053,RU-DEN-02,2026-08-27T21:25:00Z,-20.81,46.58,false,OK
TEL-0002054,RU-DEN-02,2026-08-27T21:30:00Z,-20.82,41.13,false,OK
TEL-0002055,RU-DEN-02,2026-08-27T21:35:00Z,-19.96,43.11,false,OK
TEL-0002056,RU-DEN-02,2026-08-27T21:40:00Z,-21.2,46.63,false,OK
TEL-0002057,RU-DEN-02,2026-08-27T21:45:00Z,-20.93,44.29,false,OK
TEL-0002058,RU-DEN-02,2026-08-27T21:50:00Z,-20.68,42.48,false,OK
TEL-0002059,RU-DEN-02,2026-08-27T21:55:00Z,-20.27,41.91,false,OK
TEL-0002060,RU-DEN-02,2026-08-27T22:00:00Z,-20.22,46.67,false,OK
TEL-0002061,RU-DEN-02,2026-08-27T22:05:00Z,-20.12,45.73,false,OK
TEL-0002062,RU-DEN-02,2026-08-27T22:10:00Z,-20.54,44.95,false,OK
TEL-0002063,RU-DEN-02,2026-08-27T22:15:00Z,-20.51,43.5,false,OK
TEL-0002064,RU-DEN-02,2026-08-27T22:20:00Z,-20.8,43.27,false,OK
TEL-0002065,RU-DEN-02,2026-08-27T22:25:00Z,-20.66,46.59,false,OK
TEL-0002066,RU-DEN-02,2026-08-27T22:30:00Z,-20.48,46.45,false,OK
TEL-0002067,RU-DEN-02,2026-08-27T22:35:00Z,-20.79,44.44,false,OK
TEL-0002068,RU-DEN-02,2026-08-27T22:40:00Z,-20.96,46.83,false,OK
TEL-0002069,RU-DEN-02,2026-08-27T22:45:00Z,-21.07,43.68,false,OK
TEL-0002070,RU-DEN-02,2026-08-27T22:50:00Z,-21.17,41.28,false,OK
TEL-0002071,RU-DEN-02,2026-08-27T22:55:00Z,-20.76,46.2,false,OK
TEL-0002072,RU-DEN-02,2026-08-27T23:00:00Z,-20.68,45.72,false,OK
TEL-0002073,RU-DEN-02,2026-08-27T23:05:00Z,-20.37,46.86,false,OK
TEL-0002074,RU-DEN-02,2026-08-27T23:10:00Z,-21.17,42.14,false,OK
TEL-0002075,RU-DEN-02,2026-08-27T23:15:00Z,-20.27,42.61,false,OK
TEL-0002076,RU-DEN-02,2026-08-27T23:20:00Z,-20.22,43.43,false,OK
TEL-0002077,RU-DEN-02,2026-08-27T23:25:00Z,-20.43,43.36,false,OK
TEL-0002078,RU-DEN-02,2026-08-27T23:30:00Z,-20.06,42.32,false,OK
TEL-0002079,RU-DEN-02,2026-08-27T23:35:00Z,-21.15,42.79,false,OK
TEL-0002080,RU-DEN-02,2026-08-27T23:40:00Z,-20.84,44.41,false,OK
TEL-0002081,RU-DEN-02,2026-08-27T23:45:00Z,-20.01,43.56,false,OK
TEL-0002082,RU-DEN-02,2026-08-27T23:50:00Z,-20.53,42.96,false,OK
TEL-0002083,RU-DEN-02,2026-08-27T23:55:00Z,-21.16,46.61,false,OK
TEL-0002084,RU-DEN-02,2026-08-28T00:00:00Z,-21.11,46.9,false,OK
TEL-0002085,RU-DEN-02,2026-08-28T00:05:00Z,-20.65,44.9,false,OK
TEL-0002086,RU-DEN-02,2026-08-28T00:10:00Z,-20.22,42.88,false,OK
TEL-0002087,RU-DEN-02,2026-08-28T00:15:00Z,-20.34,46.01,false,OK
TEL-0002088,RU-DEN-02,2026-08-28T00:20:00Z,-20.12,41.07,false,OK
TEL-0002089,RU-DEN-02,2026-08-28T00:25:00Z,-20.69,46.04,false,OK
TEL-0002090,RU-DEN-02,2026-08-28T00:30:00Z,-21.1,41.31,false,OK
TEL-0002091,RU-DEN-02,2026-08-28T00:35:00Z,-20.19,41.02,false,OK
TEL-0002092,RU-DEN-02,2026-08-28T00:40:00Z,-20.97,43.49,false,OK
TEL-0002093,RU-DEN-02,2026-08-28T00:45:00Z,-20.66,44.62,false,OK
TEL-0002094,RU-DEN-02,2026-08-28T00:50:00Z,-20.92,46.31,false,OK
TEL-0002095,RU-DEN-02,2026-08-28T00:55:00Z,-20.15,44.34,false,OK
TEL-0002096,RU-DEN-02,2026-08-28T01:00:00Z,-19.93,45.43,false,OK
TEL-0002097,RU-DEN-02,2026-08-28T01:05:00Z,-20.06,42.46,false,OK
TEL-0002098,RU-DEN-02,2026-08-28T01:10:00Z,-20.08,41.24,false,OK
TEL-0002099,RU-DEN-02,2026-08-28T01:15:00Z,-20.75,44.79,false,OK
TEL-0002100,RU-DEN-02,2026-08-28T01:20:00Z,-20.63,41.32,false,OK
TEL-0002101,RU-DEN-02,2026-08-28T01:25:00Z,-20.18,42.37,false,OK
TEL-0002102,RU-DEN-02,2026-08-28T01:30:00Z,-20.36,41.18,false,OK
TEL-0002103,RU-DEN-02,2026-08-28T01:35:00Z,-20.07,43.91,false,OK
TEL-0002104,RU-DEN-02,2026-08-28T01:40:00Z,-20.8,42.29,false,OK
TEL-0002105,RU-DEN-02,2026-08-28T01:45:00Z,-20.25,43.81,false,OK
TEL-0002106,RU-DEN-02,2026-08-28T01:50:00Z,-21.09,44.85,false,OK
TEL-0002107,RU-DEN-02,2026-08-28T01:55:00Z,-21.04,45.97,false,OK
TEL-0002108,RU-DEN-02,2026-08-28T02:00:00Z,-20.46,41.27,false,OK
TEL-0002109,RU-DEN-02,2026-08-28T02:05:00Z,-20.33,43.29,false,OK
TEL-0002110,RU-DEN-02,2026-08-28T02:10:00Z,-21.04,44.71,false,OK
TEL-0002111,RU-DEN-02,2026-08-28T02:15:00Z,-20.79,43.43,false,OK
TEL-0002112,RU-DEN-02,2026-08-28T02:20:00Z,-20.51,46.25,false,OK
TEL-0002113,RU-DEN-02,2026-08-28T02:25:00Z,-20.13,46.42,false,OK
TEL-0002114,RU-DEN-02,2026-08-28T02:30:00Z,-20.1,46.35,false,OK
TEL-0002115,RU-DEN-02,2026-08-28T02:35:00Z,-21.11,41.17,false,OK
TEL-0002116,RU-DEN-02,2026-08-28T02:40:00Z,-20.25,42.77,false,OK
TEL-0002117,RU-DEN-02,2026-08-28T02:45:00Z,-20.64,41.37,false,OK
TEL-0002118,RU-DEN-02,2026-08-28T02:50:00Z,-20.31,46.46,false,OK
TEL-0002119,RU-DEN-02,2026-08-28T02:55:00Z,-20.57,42.07,false,OK
TEL-0002120,RU-DEN-02,2026-08-28T03:00:00Z,-20.41,42.12,false,OK
TEL-0002121,RU-DEN-02,2026-08-28T03:05:00Z,-20.86,46.29,false,OK
TEL-0002122,RU-DEN-02,2026-08-28T03:10:00Z,-20.23,45.84,false,OK
TEL-0002123,RU-DEN-02,2026-08-28T03:15:00Z,-20.9,44.07,false,OK
TEL-0002124,RU-DEN-02,2026-08-28T03:20:00Z,-20.17,44.74,false,OK
TEL-0002125,RU-DEN-02,2026-08-28T03:25:00Z,-19.95,46.33,false,OK
TEL-0002126,RU-DEN-02,2026-08-28T03:30:00Z,-20.27,46.52,false,OK
TEL-0002127,RU-DEN-02,2026-08-28T03:35:00Z,-19.99,42.02,false,OK
TEL-0002128,RU-DEN-02,2026-08-28T03:40:00Z,-20.94,45.22,false,OK
TEL-0002129,RU-DEN-02,2026-08-28T03:45:00Z,-20.35,46.36,false,OK
TEL-0002130,RU-DEN-02,2026-08-28T03:50:00Z,-19.84,41.5,false,OK
TEL-0002131,RU-DEN-02,2026-08-28T03:55:00Z,-20.61,43.01,true,OK
TEL-0002132,RU-DEN-02,2026-08-28T04:00:00Z,-20.88,43.31,false,OK
TEL-0002133,RU-DEN-02,2026-08-28T04:05:00Z,-21.07,44.7,false,OK
TEL-0002134,RU-DEN-02,2026-08-28T04:10:00Z,-19.87,41.34,false,OK
TEL-0002135,RU-DEN-02,2026-08-28T04:15:00Z,-20.76,43.67,false,OK
TEL-0002136,RU-DEN-02,2026-08-28T04:20:00Z,-20.34,45.43,false,OK
TEL-0002137,RU-DEN-02,2026-08-28T04:25:00Z,-20.41,45.92,false,OK
TEL-0002138,RU-DEN-02,2026-08-28T04:30:00Z,-20.19,43.55,false,OK
TEL-0002139,RU-DEN-02,2026-08-28T04:35:00Z,-20.31,44.61,false,OK
TEL-0002140,RU-DEN-02,2026-08-28T04:40:00Z,-20.14,42.25,false,OK
TEL-0002141,RU-DEN-02,2026-08-28T04:45:00Z,-20.16,45.6,false,OK
TEL-0002142,RU-DEN-02,2026-08-28T04:50:00Z,-21.09,41.96,false,OK
TEL-0002143,RU-DEN-02,2026-08-28T04:55:00Z,-20.25,45.97,false,OK
TEL-0002144,RU-DEN-02,2026-08-28T05:00:00Z,-20.82,43.56,false,OK
TEL-0002145,RU-DEN-02,2026-08-28T05:05:00Z,-20.7,41.88,false,OK
TEL-0002146,RU-DEN-02,2026-08-28T05:10:00Z,-21.01,45.55,false,OK
TEL-0002147,RU-DEN-02,2026-08-28T05:15:00Z,-19.94,42.31,false,OK
TEL-0002148,RU-DEN-02,2026-08-28T05:20:00Z,-20.43,42.68,false,OK
TEL-0002149,RU-DEN-02,2026-08-28T05:25:00Z,-21.01,41.24,false,OK
TEL-0002150,RU-DEN-02,2026-08-28T05:30:00Z,-20.29,42.43,false,OK
TEL-0002151,RU-DEN-02,2026-08-28T05:35:00Z,-20.91,41.58,false,OK
TEL-0002152,RU-DEN-02,2026-08-28T05:40:00Z,-20.78,41.71,false,OK
TEL-0002153,RU-DEN-02,2026-08-28T05:45:00Z,-21.09,45.11,false,OK
TEL-0002154,RU-DEN-02,2026-08-28T05:50:00Z,-20.17,44.93,false,OK
TEL-0002155,RU-DEN-02,2026-08-28T05:55:00Z,-20.83,41.97,false,OK
TEL-0002156,RU-DEN-02,2026-08-28T06:00:00Z,-20.99,41.69,false,OK
TEL-0002157,RU-DEN-02,2026-08-28T06:05:00Z,-20.82,46.98,false,OK
TEL-0002158,RU-DEN-02,2026-08-28T06:10:00Z,-20.18,47.0,false,OK
TEL-0002159,RU-DEN-02,2026-08-28T06:15:00Z,-20.09,46.18,false,OK
TEL-0002160,RU-DEN-02,2026-08-28T06:20:00Z,-21.15,45.82,false,OK
TEL-0002161,RU-DEN-02,2026-08-28T06:25:00Z,-20.29,41.09,false,OK
TEL-0002162,RU-DEN-02,2026-08-28T06:30:00Z,-19.86,46.5,false,OK
TEL-0002163,RU-DEN-02,2026-08-28T06:35:00Z,-20.81,43.05,false,OK
TEL-0002164,RU-DEN-02,2026-08-28T06:40:00Z,-20.61,45.21,false,OK
TEL-0002165,RU-DEN-02,2026-08-28T06:45:00Z,-21.06,43.77,false,OK
TEL-0002166,RU-DEN-02,2026-08-28T06:50:00Z,-20.82,42.82,false,OK
TEL-0002167,RU-DEN-02,2026-08-28T06:55:00Z,-20.05,44.57,false,OK
TEL-0002168,RU-DEN-02,2026-08-28T07:00:00Z,-20.7,44.5,false,OK
TEL-0002169,RU-DEN-02,2026-08-28T07:05:00Z,-21.04,46.93,false,OK
TEL-0002170,RU-DEN-02,2026-08-28T07:10:00Z,-21.18,44.66,false,OK
TEL-0002171,RU-DEN-02,2026-08-28T07:15:00Z,-20.19,41.21,false,OK
TEL-0002172,RU-DEN-02,2026-08-28T07:20:00Z,-20.06,46.21,true,OK
TEL-0002173,RU-DEN-02,2026-08-28T07:25:00Z,-20.0,44.91,false,OK
TEL-0002174,RU-DEN-02,2026-08-28T07:30:00Z,-20.43,41.06,false,OK
TEL-0002175,RU-DEN-02,2026-08-28T07:35:00Z,-20.57,44.62,false,OK
TEL-0002176,RU-DEN-02,2026-08-28T07:40:00Z,-20.15,46.17,false,OK
TEL-0002177,RU-DEN-02,2026-08-28T07:45:00Z,-21.16,46.35,false,OK
TEL-0002178,RU-DEN-02,2026-08-28T07:50:00Z,-20.71,45.23,false,OK
TEL-0002179,RU-DEN-02,2026-08-28T07:55:00Z,-20.36,44.58,false,OK
TEL-0002180,RU-DEN-02,2026-08-28T08:00:00Z,-21.12,44.54,false,OK
TEL-0002181,RU-DEN-02,2026-08-28T08:05:00Z,-19.82,44.57,false,OK
TEL-0002182,RU-DEN-02,2026-08-28T08:10:00Z,-20.8,45.4,false,OK
TEL-0002183,RU-DEN-02,2026-08-28T08:15:00Z,-19.97,43.18,false,OK
TEL-0002184,RU-DEN-02,2026-08-28T08:20:00Z,-21.09,45.88,false,OK
TEL-0002185,RU-DEN-02,2026-08-28T08:25:00Z,-19.94,46.96,false,OK
TEL-0002186,RU-DEN-02,2026-08-28T08:30:00Z,-19.99,42.63,false,OK
TEL-0002187,RU-DEN-02,2026-08-28T08:35:00Z,-21.03,41.71,false,OK
TEL-0002188,RU-DEN-02,2026-08-28T08:40:00Z,-21.08,46.13,false,OK
TEL-0002189,RU-DEN-02,2026-08-28T08:45:00Z,-20.57,44.56,false,OK
TEL-0002190,RU-DEN-02,2026-08-28T08:50:00Z,-21.12,43.45,false,OK
TEL-0002191,RU-DEN-02,2026-08-28T08:55:00Z,-20.42,45.95,false,OK
TEL-0002192,RU-DEN-02,2026-08-28T09:00:00Z,-20.69,45.58,false,OK
TEL-0002193,RU-DEN-02,2026-08-28T09:05:00Z,-20.84,46.94,false,OK
TEL-0002194,RU-DEN-02,2026-08-28T09:10:00Z,-21.07,43.07,false,OK
TEL-0002195,RU-DEN-02,2026-08-28T09:15:00Z,-20.64,41.88,false,OK
TEL-0002196,RU-DEN-02,2026-08-28T09:20:00Z,-19.91,42.47,false,OK
TEL-0002197,RU-DEN-02,2026-08-28T09:25:00Z,-19.98,41.5,false,OK
TEL-0002198,RU-DEN-02,2026-08-28T09:30:00Z,-20.59,41.81,false,OK
TEL-0002199,RU-DEN-02,2026-08-28T09:35:00Z,-20.41,45.35,false,OK
TEL-0002200,RU-DEN-02,2026-08-28T09:40:00Z,-20.11,42.37,false,OK
TEL-0002201,RU-DEN-02,2026-08-28T09:45:00Z,-20.25,46.63,false,OK
TEL-0002202,RU-DEN-02,2026-08-28T09:50:00Z,-20.65,46.84,false,OK
TEL-0002203,RU-DEN-02,2026-08-28T09:55:00Z,-20.92,41.54,false,OK
TEL-0002204,RU-DEN-02,2026-08-28T10:00:00Z,-19.99,46.52,false,OK
TEL-0002205,RU-DEN-02,2026-08-28T10:05:00Z,-20.16,43.2,false,OK
TEL-0002206,RU-DEN-02,2026-08-28T10:10:00Z,-20.69,46.03,false,OK
TEL-0002207,RU-DEN-02,2026-08-28T10:15:00Z,-21.11,44.0,false,OK
TEL-0002208,RU-DEN-02,2026-08-28T10:20:00Z,-20.23,43.86,false,OK
TEL-0002209,RU-DEN-02,2026-08-28T10:25:00Z,-20.5,44.51,false,OK
TEL-0002210,RU-DEN-02,2026-08-28T10:30:00Z,-20.15,44.16,false,OK
TEL-0002211,RU-DEN-02,2026-08-28T10:35:00Z,-20.93,42.1,false,OK
TEL-0002212,RU-DEN-02,2026-08-28T10:40:00Z,-20.69,41.75,false,OK
TEL-0002213,RU-DEN-02,2026-08-28T10:45:00Z,-20.67,42.45,false,OK
TEL-0002214,RU-DEN-02,2026-08-28T10:50:00Z,-20.0,43.8,false,OK
TEL-0002215,RU-DEN-02,2026-08-28T10:55:00Z,-20.53,44.04,false,OK
TEL-0002216,RU-DEN-02,2026-08-28T11:00:00Z,-20.27,41.55,false,OK
TEL-0002217,RU-DEN-02,2026-08-28T11:05:00Z,-20.99,42.51,false,OK
TEL-0002218,RU-DEN-02,2026-08-28T11:10:00Z,-20.24,42.31,false,OK
TEL-0002219,RU-DEN-02,2026-08-28T11:15:00Z,-19.9,42.74,false,OK
TEL-0002220,RU-DEN-02,2026-08-28T11:20:00Z,-20.83,46.82,false,OK
TEL-0002221,RU-DEN-02,2026-08-28T11:25:00Z,-20.92,42.15,false,OK
TEL-0002222,RU-DEN-02,2026-08-28T11:30:00Z,-19.87,46.97,false,OK
TEL-0002223,RU-DEN-02,2026-08-28T11:35:00Z,-21.18,45.75,false,OK
TEL-0002224,RU-DEN-02,2026-08-28T11:40:00Z,-19.89,43.26,false,OK
TEL-0002225,RU-DEN-02,2026-08-28T11:45:00Z,-19.95,41.23,false,OK
TEL-0002226,RU-DEN-02,2026-08-28T11:50:00Z,-20.83,43.24,false,OK
TEL-0002227,RU-DEN-02,2026-08-28T11:55:00Z,-21.08,44.38,false,OK
TEL-0002228,RU-DEN-02,2026-08-28T12:00:00Z,-20.04,44.92,false,OK
TEL-0002229,RU-DEN-02,2026-08-28T12:05:00Z,-21.19,42.03,false,OK
TEL-0002230,RU-DEN-02,2026-08-28T12:10:00Z,-21.19,43.52,false,OK
TEL-0002231,RU-DEN-02,2026-08-28T12:15:00Z,-20.66,46.04,false,OK
TEL-0002232,RU-DEN-02,2026-08-28T12:20:00Z,-20.08,44.82,false,OK
TEL-0002233,RU-DEN-02,2026-08-28T12:25:00Z,-20.34,41.86,false,OK
TEL-0002234,RU-DEN-02,2026-08-28T12:30:00Z,-20.62,42.63,false,OK
TEL-0002235,RU-DEN-02,2026-08-28T12:35:00Z,-20.95,43.6,false,OK
TEL-0002236,RU-DEN-02,2026-08-28T12:40:00Z,-20.73,46.91,false,OK
TEL-0002237,RU-DEN-02,2026-08-28T12:45:00Z,-19.92,45.24,false,OK
TEL-0002238,RU-DEN-02,2026-08-28T12:50:00Z,-20.56,43.33,false,OK
TEL-0002239,RU-DEN-02,2026-08-28T12:55:00Z,-20.28,43.61,false,OK
TEL-0002240,RU-DEN-02,2026-08-28T13:00:00Z,-20.98,41.47,false,OK
TEL-0002241,RU-DEN-02,2026-08-28T13:05:00Z,-21.16,41.88,false,OK
TEL-0002242,RU-DEN-02,2026-08-28T13:10:00Z,-19.95,42.34,false,OK
TEL-0002243,RU-DEN-02,2026-08-28T13:15:00Z,-19.98,43.4,false,OK
TEL-0002244,RU-DEN-02,2026-08-28T13:20:00Z,-20.87,41.53,false,OK
TEL-0002245,RU-DEN-02,2026-08-28T13:25:00Z,-20.51,44.73,false,OK
TEL-0002246,RU-DEN-02,2026-08-28T13:30:00Z,-20.41,41.83,false,OK
TEL-0002247,RU-DEN-02,2026-08-28T13:35:00Z,-21.1,42.34,false,OK
TEL-0002248,RU-DEN-02,2026-08-28T13:40:00Z,-20.8,44.91,false,OK
TEL-0002249,RU-DEN-02,2026-08-28T13:45:00Z,-20.88,46.01,false,OK
TEL-0002250,RU-DEN-02,2026-08-28T13:50:00Z,-20.22,42.78,false,OK
TEL-0002251,RU-DEN-02,2026-08-28T13:55:00Z,-20.42,45.44,false,OK
TEL-0002252,RU-DEN-02,2026-08-28T14:00:00Z,-20.93,43.68,false,OK
TEL-0002253,RU-DEN-02,2026-08-28T14:05:00Z,-21.2,46.29,false,OK
TEL-0002254,RU-DEN-02,2026-08-28T14:10:00Z,-20.61,44.3,false,OK
TEL-0002255,RU-DEN-02,2026-08-28T14:15:00Z,-20.0,42.26,false,OK
TEL-0002256,RU-DEN-02,2026-08-28T14:20:00Z,-20.44,46.42,false,OK
TEL-0002257,RU-DEN-02,2026-08-28T14:25:00Z,-20.54,41.17,false,OK
TEL-0002258,RU-DEN-02,2026-08-28T14:30:00Z,-19.88,42.94,false,OK
TEL-0002259,RU-DEN-02,2026-08-28T14:35:00Z,-20.81,44.21,false,OK
TEL-0002260,RU-DEN-02,2026-08-28T14:40:00Z,-20.62,42.75,false,OK
TEL-0002261,RU-DEN-02,2026-08-28T14:45:00Z,-20.23,41.23,false,OK
TEL-0002262,RU-DEN-02,2026-08-28T14:50:00Z,-20.58,45.53,false,OK
TEL-0002263,RU-DEN-02,2026-08-28T14:55:00Z,-21.12,44.41,false,OK
TEL-0002264,RU-DEN-02,2026-08-28T15:00:00Z,-20.18,42.4,false,OK
TEL-0002265,RU-DEN-02,2026-08-28T15:05:00Z,-20.33,43.0,false,OK
TEL-0002266,RU-DEN-02,2026-08-28T15:10:00Z,-20.47,43.89,false,OK
TEL-0002267,RU-DEN-02,2026-08-28T15:15:00Z,-20.74,44.64,false,OK
TEL-0002268,RU-DEN-02,2026-08-28T15:20:00Z,-20.05,41.55,false,OK
TEL-0002269,RU-DEN-02,2026-08-28T15:25:00Z,-20.02,44.41,false,OK
TEL-0002270,RU-DEN-02,2026-08-28T15:30:00Z,-20.44,46.63,false,OK
TEL-0002271,RU-DEN-02,2026-08-28T15:35:00Z,-20.16,46.7,false,OK
TEL-0002272,RU-DEN-02,2026-08-28T15:40:00Z,-20.77,45.81,false,OK
TEL-0002273,RU-DEN-02,2026-08-28T15:45:00Z,-21.06,42.89,false,OK
TEL-0002274,RU-DEN-02,2026-08-28T15:50:00Z,-20.67,44.51,false,OK
TEL-0002275,RU-DEN-02,2026-08-28T15:55:00Z,-20.24,43.49,false,OK
TEL-0002276,RU-DEN-02,2026-08-28T16:00:00Z,-20.45,43.39,false,OK
TEL-0002277,RU-DEN-02,2026-08-28T16:05:00Z,-20.8,44.47,false,OK
TEL-0002278,RU-DEN-02,2026-08-28T16:10:00Z,-20.19,46.79,false,OK
TEL-0002279,RU-DEN-02,2026-08-28T16:15:00Z,-20.75,46.41,false,OK
TEL-0002280,RU-DEN-02,2026-08-28T16:20:00Z,-20.94,42.71,false,OK
TEL-0002281,RU-DEN-02,2026-08-28T16:25:00Z,-20.79,45.51,false,OK
TEL-0002282,RU-DEN-02,2026-08-28T16:30:00Z,-20.45,43.18,true,OK
TEL-0002283,RU-DEN-02,2026-08-28T16:35:00Z,-20.69,44.76,false,OK
TEL-0002284,RU-DEN-02,2026-08-28T16:40:00Z,-21.17,41.74,false,OK
TEL-0002285,RU-DEN-02,2026-08-28T16:45:00Z,-20.08,44.74,false,OK
TEL-0002286,RU-DEN-02,2026-08-28T16:50:00Z,-20.25,44.11,false,OK
TEL-0002287,RU-DEN-02,2026-08-28T16:55:00Z,-20.63,43.5,false,OK
TEL-0002288,RU-DEN-02,2026-08-28T17:00:00Z,-20.31,45.18,false,OK
TEL-0002289,RU-DEN-02,2026-08-28T17:05:00Z,-21.06,45.95,false,OK
TEL-0002290,RU-DEN-02,2026-08-28T17:10:00Z,-20.53,41.55,false,OK
TEL-0002291,RU-DEN-02,2026-08-28T17:15:00Z,-19.9,44.4,false,OK
TEL-0002292,RU-DEN-02,2026-08-28T17:20:00Z,-20.21,44.16,false,OK
TEL-0002293,RU-DEN-02,2026-08-28T17:25:00Z,-19.97,41.24,false,OK
TEL-0002294,RU-DEN-02,2026-08-28T17:30:00Z,-21.12,43.02,true,OK
TEL-0002295,RU-DEN-02,2026-08-28T17:35:00Z,-19.91,42.14,false,OK
TEL-0002296,RU-DEN-02,2026-08-28T17:40:00Z,-19.89,42.21,false,OK
TEL-0002297,RU-DEN-02,2026-08-28T17:45:00Z,-20.61,41.76,false,OK
TEL-0002298,RU-DEN-02,2026-08-28T17:50:00Z,-21.07,42.44,false,OK
TEL-0002299,RU-DEN-02,2026-08-28T17:55:00Z,-19.89,41.92,false,OK
TEL-0002300,RU-DEN-02,2026-08-28T18:00:00Z,-20.42,46.36,false,OK
TEL-0002301,RU-DEN-02,2026-08-28T18:05:00Z,-20.22,41.48,false,OK
TEL-0002302,RU-DEN-02,2026-08-28T18:10:00Z,-20.12,42.0,false,OK
TEL-0002303,RU-DEN-02,2026-08-28T18:15:00Z,-21.06,45.12,false,OK
TEL-0002304,RU-DEN-02,2026-08-28T18:20:00Z,-20.08,42.09,false,OK
TEL-0002305,RU-DEN-02,2026-08-28T18:25:00Z,-20.35,46.85,false,OK
TEL-0002306,RU-DEN-02,2026-08-28T18:30:00Z,-20.84,45.64,false,OK
TEL-0002307,RU-DEN-02,2026-08-28T18:35:00Z,-20.31,45.85,false,OK
TEL-0002308,RU-DEN-02,2026-08-28T18:40:00Z,-21.09,46.0,false,OK
TEL-0002309,RU-DEN-02,2026-08-28T18:45:00Z,-20.31,46.05,false,OK
TEL-0002310,RU-DEN-02,2026-08-28T18:50:00Z,-20.27,42.08,false,OK
TEL-0002311,RU-DEN-02,2026-08-28T18:55:00Z,-20.76,46.59,false,OK
TEL-0002312,RU-DEN-02,2026-08-28T19:00:00Z,-20.43,45.87,false,OK
TEL-0002313,RU-BOS-01,2026-08-27T19:00:00Z,-20.13,45.01,false,OK
TEL-0002314,RU-BOS-01,2026-08-27T19:05:00Z,-20.44,46.14,false,OK
TEL-0002315,RU-BOS-01,2026-08-27T19:10:00Z,-20.38,43.09,false,OK
TEL-0002316,RU-BOS-01,2026-08-27T19:15:00Z,-20.6,42.14,false,OK
TEL-0002317,RU-BOS-01,2026-08-27T19:20:00Z,-20.41,44.99,false,OK
TEL-0002318,RU-BOS-01,2026-08-27T19:25:00Z,-20.44,42.19,false,OK
TEL-0002319,RU-BOS-01,2026-08-27T19:30:00Z,-19.97,44.16,false,OK
TEL-0002320,RU-BOS-01,2026-08-27T19:35:00Z,-20.06,45.79,false,OK
TEL-0002321,RU-BOS-01,2026-08-27T19:40:00Z,-20.53,44.87,false,OK
TEL-0002322,RU-BOS-01,2026-08-27T19:45:00Z,-20.78,46.04,false,OK
TEL-0002323,RU-BOS-01,2026-08-27T19:50:00Z,-20.58,44.88,false,OK
TEL-0002324,RU-BOS-01,2026-08-27T19:55:00Z,-20.32,41.13,false,OK
TEL-0002325,RU-BOS-01,2026-08-27T20:00:00Z,-20.04,44.35,false,OK
TEL-0002326,RU-BOS-01,2026-08-27T20:05:00Z,-20.14,43.71,false,OK
TEL-0002327,RU-BOS-01,2026-08-27T20:10:00Z,-21.01,44.27,false,OK
TEL-0002328,RU-BOS-01,2026-08-27T20:15:00Z,-20.02,45.94,false,OK
TEL-0002329,RU-BOS-01,2026-08-27T20:20:00Z,-21.18,46.02,false,OK
TEL-0002330,RU-BOS-01,2026-08-27T20:25:00Z,-20.72,44.01,false,OK
TEL-0002331,RU-BOS-01,2026-08-27T20:30:00Z,-21.01,42.48,true,OK
TEL-0002332,RU-BOS-01,2026-08-27T20:35:00Z,-20.11,45.38,false,OK
TEL-0002333,RU-BOS-01,2026-08-27T20:40:00Z,-20.53,46.4,false,OK
TEL-0002334,RU-BOS-01,2026-08-27T20:45:00Z,-20.02,43.81,false,OK
TEL-0002335,RU-BOS-01,2026-08-27T20:50:00Z,-19.83,46.95,false,OK
TEL-0002336,RU-BOS-01,2026-08-27T20:55:00Z,-20.01,42.72,false,OK
TEL-0002337,RU-BOS-01,2026-08-27T21:00:00Z,-20.68,45.55,false,OK
TEL-0002338,RU-BOS-01,2026-08-27T21:05:00Z,-20.43,45.28,false,OK
TEL-0002339,RU-BOS-01,2026-08-27T21:10:00Z,-20.19,45.34,false,OK
TEL-0002340,RU-BOS-01,2026-08-27T21:15:00Z,-20.22,46.43,false,OK
TEL-0002341,RU-BOS-01,2026-08-27T21:20:00Z,-20.28,41.88,false,OK
TEL-0002342,RU-BOS-01,2026-08-27T21:25:00Z,-20.91,45.77,false,OK
TEL-0002343,RU-BOS-01,2026-08-27T21:30:00Z,-20.88,42.53,false,OK
TEL-0002344,RU-BOS-01,2026-08-27T21:35:00Z,-19.97,45.61,false,OK
TEL-0002345,RU-BOS-01,2026-08-27T21:40:00Z,-21.2,43.06,false,OK
TEL-0002346,RU-BOS-01,2026-08-27T21:45:00Z,-20.37,44.03,false,OK
TEL-0002347,RU-BOS-01,2026-08-27T21:50:00Z,-20.27,42.02,false,OK
TEL-0002348,RU-BOS-01,2026-08-27T21:55:00Z,-20.45,46.52,false,OK
TEL-0002349,RU-BOS-01,2026-08-27T22:00:00Z,-20.18,45.32,false,OK
TEL-0002350,RU-BOS-01,2026-08-27T22:05:00Z,-19.98,46.62,false,OK
TEL-0002351,RU-BOS-01,2026-08-27T22:10:00Z,-20.48,41.09,false,OK
TEL-0002352,RU-BOS-01,2026-08-27T22:15:00Z,-20.84,44.21,false,OK
TEL-0002353,RU-BOS-01,2026-08-27T22:20:00Z,-19.86,45.79,false,OK
TEL-0002354,RU-BOS-01,2026-08-27T22:25:00Z,-21.16,45.08,false,OK
TEL-0002355,RU-BOS-01,2026-08-27T22:30:00Z,-20.38,41.93,false,OK
TEL-0002356,RU-BOS-01,2026-08-27T22:35:00Z,-20.91,46.3,false,OK
TEL-0002357,RU-BOS-01,2026-08-27T22:40:00Z,-20.02,42.55,false,OK
TEL-0002358,RU-BOS-01,2026-08-27T22:45:00Z,-21.0,43.76,false,OK
TEL-0002359,RU-BOS-01,2026-08-27T22:50:00Z,-20.18,45.77,false,OK
TEL-0002360,RU-BOS-01,2026-08-27T22:55:00Z,-20.71,43.49,false,OK
TEL-0002361,RU-BOS-01,2026-08-27T23:00:00Z,-20.14,43.84,false,OK
TEL-0002362,RU-BOS-01,2026-08-27T23:05:00Z,-20.7,46.52,false,OK
TEL-0002363,RU-BOS-01,2026-08-27T23:10:00Z,-20.9,42.52,false,OK
TEL-0002364,RU-BOS-01,2026-08-27T23:15:00Z,-21.11,41.91,false,OK
TEL-0002365,RU-BOS-01,2026-08-27T23:20:00Z,-21.03,43.58,false,OK
TEL-0002366,RU-BOS-01,2026-08-27T23:25:00Z,-20.0,45.68,false,OK
TEL-0002367,RU-BOS-01,2026-08-27T23:30:00Z,-21.04,46.29,false,OK
TEL-0002368,RU-BOS-01,2026-08-27T23:35:00Z,-21.14,43.53,false,OK
TEL-0002369,RU-BOS-01,2026-08-27T23:40:00Z,-21.15,46.59,false,OK
TEL-0002370,RU-BOS-01,2026-08-27T23:45:00Z,-20.1,44.04,false,OK
TEL-0002371,RU-BOS-01,2026-08-27T23:50:00Z,-20.97,46.75,false,OK
TEL-0002372,RU-BOS-01,2026-08-27T23:55:00Z,-20.17,46.16,false,OK
TEL-0002373,RU-BOS-01,2026-08-28T00:00:00Z,-21.14,44.55,false,OK
TEL-0002374,RU-BOS-01,2026-08-28T00:05:00Z,-20.47,46.08,false,OK
TEL-0002375,RU-BOS-01,2026-08-28T00:10:00Z,-19.91,45.24,false,OK
TEL-0002376,RU-BOS-01,2026-08-28T00:15:00Z,-20.94,42.77,false,OK
TEL-0002377,RU-BOS-01,2026-08-28T00:20:00Z,-20.11,45.67,false,OK
TEL-0002378,RU-BOS-01,2026-08-28T00:25:00Z,-21.02,46.26,false,OK
TEL-0002379,RU-BOS-01,2026-08-28T00:30:00Z,-20.15,45.7,false,OK
TEL-0002380,RU-BOS-01,2026-08-28T00:35:00Z,-20.65,44.76,false,OK
TEL-0002381,RU-BOS-01,2026-08-28T00:40:00Z,-20.34,43.41,false,OK
TEL-0002382,RU-BOS-01,2026-08-28T00:45:00Z,-20.06,45.15,false,OK
TEL-0002383,RU-BOS-01,2026-08-28T00:50:00Z,-20.0,43.64,false,OK
TEL-0002384,RU-BOS-01,2026-08-28T00:55:00Z,-19.9,44.25,false,OK
TEL-0002385,RU-BOS-01,2026-08-28T01:00:00Z,-19.93,41.05,false,OK
TEL-0002386,RU-BOS-01,2026-08-28T01:05:00Z,-20.26,43.51,false,OK
TEL-0002387,RU-BOS-01,2026-08-28T01:10:00Z,-20.07,44.04,false,OK
TEL-0002388,RU-BOS-01,2026-08-28T01:15:00Z,-20.13,46.58,false,OK
TEL-0002389,RU-BOS-01,2026-08-28T01:20:00Z,-20.09,44.2,false,OK
TEL-0002390,RU-BOS-01,2026-08-28T01:25:00Z,-20.45,41.77,false,OK
TEL-0002391,RU-BOS-01,2026-08-28T01:30:00Z,-21.01,43.52,false,OK
TEL-0002392,RU-BOS-01,2026-08-28T01:35:00Z,-19.88,45.2,false,OK
TEL-0002393,RU-BOS-01,2026-08-28T01:40:00Z,-21.19,46.19,false,OK
TEL-0002394,RU-BOS-01,2026-08-28T01:45:00Z,-19.87,45.6,false,OK
TEL-0002395,RU-BOS-01,2026-08-28T01:50:00Z,-20.45,46.29,false,OK
TEL-0002396,RU-BOS-01,2026-08-28T01:55:00Z,-19.88,46.05,false,OK
TEL-0002397,RU-BOS-01,2026-08-28T02:00:00Z,-19.81,43.88,false,OK
TEL-0002398,RU-BOS-01,2026-08-28T02:05:00Z,-20.84,46.91,false,OK
TEL-0002399,RU-BOS-01,2026-08-28T02:10:00Z,-20.01,41.57,false,OK
TEL-0002400,RU-BOS-01,2026-08-28T02:15:00Z,-21.12,46.27,false,OK
TEL-0002401,RU-BOS-01,2026-08-28T02:20:00Z,-20.74,42.53,false,OK
TEL-0002402,RU-BOS-01,2026-08-28T02:25:00Z,-20.04,43.62,false,OK
TEL-0002403,RU-BOS-01,2026-08-28T02:30:00Z,-19.92,46.55,false,OK
TEL-0002404,RU-BOS-01,2026-08-28T02:35:00Z,-20.7,42.11,false,OK
TEL-0002405,RU-BOS-01,2026-08-28T02:40:00Z,-20.27,43.15,false,OK
TEL-0002406,RU-BOS-01,2026-08-28T02:45:00Z,-19.97,45.5,false,OK
TEL-0002407,RU-BOS-01,2026-08-28T02:50:00Z,-20.16,45.97,false,OK
TEL-0002408,RU-BOS-01,2026-08-28T02:55:00Z,-20.49,43.58,false,OK
TEL-0002409,RU-BOS-01,2026-08-28T03:00:00Z,-20.3,43.89,false,OK
TEL-0002410,RU-BOS-01,2026-08-28T03:05:00Z,-19.85,43.1,false,OK
TEL-0002411,RU-BOS-01,2026-08-28T03:10:00Z,-20.21,45.04,false,OK
TEL-0002412,RU-BOS-01,2026-08-28T03:15:00Z,-20.63,41.75,false,OK
TEL-0002413,RU-BOS-01,2026-08-28T03:20:00Z,-20.14,43.15,false,OK
TEL-0002414,RU-BOS-01,2026-08-28T03:25:00Z,-20.44,46.55,false,OK
TEL-0002415,RU-BOS-01,2026-08-28T03:30:00Z,-20.08,43.64,false,OK
TEL-0002416,RU-BOS-01,2026-08-28T03:35:00Z,-20.14,42.59,false,OK
TEL-0002417,RU-BOS-01,2026-08-28T03:40:00Z,-20.5,44.3,false,OK
TEL-0002418,RU-BOS-01,2026-08-28T03:45:00Z,-20.03,41.75,false,OK
TEL-0002419,RU-BOS-01,2026-08-28T03:50:00Z,-19.98,43.95,false,OK
TEL-0002420,RU-BOS-01,2026-08-28T03:55:00Z,-20.44,43.37,false,OK
TEL-0002421,RU-BOS-01,2026-08-28T04:00:00Z,-20.64,42.58,false,OK
TEL-0002422,RU-BOS-01,2026-08-28T04:05:00Z,-20.77,44.24,false,OK
TEL-0002423,RU-BOS-01,2026-08-28T04:10:00Z,-20.08,45.78,false,OK
TEL-0002424,RU-BOS-01,2026-08-28T04:15:00Z,-21.09,45.0,false,OK
TEL-0002425,RU-BOS-01,2026-08-28T04:20:00Z,-20.09,44.59,false,OK
TEL-0002426,RU-BOS-01,2026-08-28T04:25:00Z,-19.99,46.05,false,OK
TEL-0002427,RU-BOS-01,2026-08-28T04:30:00Z,-20.98,45.25,false,OK
TEL-0002428,RU-BOS-01,2026-08-28T04:35:00Z,-20.21,43.27,false,OK
TEL-0002429,RU-BOS-01,2026-08-28T04:40:00Z,-19.83,44.23,false,OK
TEL-0002430,RU-BOS-01,2026-08-28T04:45:00Z,-20.05,45.12,false,OK
TEL-0002431,RU-BOS-01,2026-08-28T04:50:00Z,-21.16,45.5,false,OK
TEL-0002432,RU-BOS-01,2026-08-28T04:55:00Z,-20.01,42.46,false,OK
TEL-0002433,RU-BOS-01,2026-08-28T05:00:00Z,-20.91,42.98,false,OK
TEL-0002434,RU-BOS-01,2026-08-28T05:05:00Z,-20.7,45.63,false,OK
TEL-0002435,RU-BOS-01,2026-08-28T05:10:00Z,-20.33,44.5,false,OK
TEL-0002436,RU-BOS-01,2026-08-28T05:15:00Z,-20.87,43.22,true,OK
TEL-0002437,RU-BOS-01,2026-08-28T05:20:00Z,-20.15,43.62,false,OK
TEL-0002438,RU-BOS-01,2026-08-28T05:25:00Z,-20.17,46.01,false,OK
TEL-0002439,RU-BOS-01,2026-08-28T05:30:00Z,-21.04,43.77,false,OK
TEL-0002440,RU-BOS-01,2026-08-28T05:35:00Z,-20.48,46.8,false,OK
TEL-0002441,RU-BOS-01,2026-08-28T05:40:00Z,-20.41,43.03,false,OK
TEL-0002442,RU-BOS-01,2026-08-28T05:45:00Z,-20.76,45.7,false,OK
TEL-0002443,RU-BOS-01,2026-08-28T05:50:00Z,-20.27,45.34,false,OK
TEL-0002444,RU-BOS-01,2026-08-28T05:55:00Z,-20.42,44.98,false,OK
TEL-0002445,RU-BOS-01,2026-08-28T06:00:00Z,-20.61,42.02,false,OK
TEL-0002446,RU-BOS-01,2026-08-28T06:05:00Z,-20.5,44.03,false,OK
TEL-0002447,RU-BOS-01,2026-08-28T06:10:00Z,-20.04,45.99,false,OK
TEL-0002448,RU-BOS-01,2026-08-28T06:15:00Z,-20.03,46.02,false,OK
TEL-0002449,RU-BOS-01,2026-08-28T06:20:00Z,-20.58,42.72,false,OK
TEL-0002450,RU-BOS-01,2026-08-28T06:25:00Z,-20.84,43.79,false,OK
TEL-0002451,RU-BOS-01,2026-08-28T06:30:00Z,-20.1,44.66,false,OK
TEL-0002452,RU-BOS-01,2026-08-28T06:35:00Z,-19.99,45.55,false,OK
TEL-0002453,RU-BOS-01,2026-08-28T06:40:00Z,-20.6,43.5,false,OK
TEL-0002454,RU-BOS-01,2026-08-28T06:45:00Z,-21.08,42.53,false,OK
TEL-0002455,RU-BOS-01,2026-08-28T06:50:00Z,-20.05,44.12,false,OK
TEL-0002456,RU-BOS-01,2026-08-28T06:55:00Z,-20.5,42.93,false,OK
TEL-0002457,RU-BOS-01,2026-08-28T07:00:00Z,-20.8,45.3,false,OK
TEL-0002458,RU-BOS-01,2026-08-28T07:05:00Z,-19.86,43.49,false,OK
TEL-0002459,RU-BOS-01,2026-08-28T07:10:00Z,-20.56,44.13,false,OK
TEL-0002460,RU-BOS-01,2026-08-28T07:15:00Z,-20.4,46.92,false,OK
TEL-0002461,RU-BOS-01,2026-08-28T07:20:00Z,-20.22,44.94,false,OK
TEL-0002462,RU-BOS-01,2026-08-28T07:25:00Z,-20.78,42.33,false,OK
TEL-0002463,RU-BOS-01,2026-08-28T07:30:00Z,-20.45,44.09,false,OK
TEL-0002464,RU-BOS-01,2026-08-28T07:35:00Z,-21.0,44.69,false,OK
TEL-0002465,RU-BOS-01,2026-08-28T07:40:00Z,-20.44,43.59,false,OK
TEL-0002466,RU-BOS-01,2026-08-28T07:45:00Z,-20.58,42.42,false,OK
TEL-0002467,RU-BOS-01,2026-08-28T07:50:00Z,-19.85,42.13,false,OK
TEL-0002468,RU-BOS-01,2026-08-28T07:55:00Z,-20.23,46.86,false,OK
TEL-0002469,RU-BOS-01,2026-08-28T08:00:00Z,-20.64,45.2,false,OK
TEL-0002470,RU-BOS-01,2026-08-28T08:05:00Z,-20.89,41.23,false,OK
TEL-0002471,RU-BOS-01,2026-08-28T08:10:00Z,-20.0,41.63,false,OK
TEL-0002472,RU-BOS-01,2026-08-28T08:15:00Z,-19.85,43.94,false,OK
TEL-0002473,RU-BOS-01,2026-08-28T08:20:00Z,-21.04,41.13,false,OK
TEL-0002474,RU-BOS-01,2026-08-28T08:25:00Z,-20.71,43.94,false,OK
TEL-0002475,RU-BOS-01,2026-08-28T08:30:00Z,-20.31,41.73,false,OK
TEL-0002476,RU-BOS-01,2026-08-28T08:35:00Z,-20.97,43.06,false,OK
TEL-0002477,RU-BOS-01,2026-08-28T08:40:00Z,-19.86,42.98,false,OK
TEL-0002478,RU-BOS-01,2026-08-28T08:45:00Z,-20.26,45.61,false,OK
TEL-0002479,RU-BOS-01,2026-08-28T08:50:00Z,-20.1,41.82,false,OK
TEL-0002480,RU-BOS-01,2026-08-28T08:55:00Z,-20.65,42.5,false,OK
TEL-0002481,RU-BOS-01,2026-08-28T09:00:00Z,-20.49,44.04,false,OK
TEL-0002482,RU-BOS-01,2026-08-28T09:05:00Z,-20.56,46.23,false,OK
TEL-0002483,RU-BOS-01,2026-08-28T09:10:00Z,-20.84,44.09,false,OK
TEL-0002484,RU-BOS-01,2026-08-28T09:15:00Z,-20.5,44.91,false,OK
TEL-0002485,RU-BOS-01,2026-08-28T09:20:00Z,-20.96,42.74,false,OK
TEL-0002486,RU-BOS-01,2026-08-28T09:25:00Z,-20.83,42.88,false,OK
TEL-0002487,RU-BOS-01,2026-08-28T09:30:00Z,-20.7,46.0,false,OK
TEL-0002488,RU-BOS-01,2026-08-28T09:35:00Z,-20.79,45.51,false,OK
TEL-0002489,RU-BOS-01,2026-08-28T09:40:00Z,-20.27,42.14,false,OK
TEL-0002490,RU-BOS-01,2026-08-28T09:45:00Z,-20.24,43.26,false,OK
TEL-0002491,RU-BOS-01,2026-08-28T09:50:00Z,-19.96,43.74,false,OK
TEL-0002492,RU-BOS-01,2026-08-28T09:55:00Z,-20.28,45.87,false,OK
TEL-0002493,RU-BOS-01,2026-08-28T10:00:00Z,-19.93,41.76,false,OK
TEL-0002494,RU-BOS-01,2026-08-28T10:05:00Z,-21.12,43.31,false,OK
TEL-0002495,RU-BOS-01,2026-08-28T10:10:00Z,-20.13,43.49,false,OK
TEL-0002496,RU-BOS-01,2026-08-28T10:15:00Z,-20.84,42.05,false,OK
TEL-0002497,RU-BOS-01,2026-08-28T10:20:00Z,-20.02,42.37,true,OK
TEL-0002498,RU-BOS-01,2026-08-28T10:25:00Z,-19.96,42.92,false,OK
TEL-0002499,RU-BOS-01,2026-08-28T10:30:00Z,-20.46,44.2,false,OK
TEL-0002500,RU-BOS-01,2026-08-28T10:35:00Z,-20.17,43.89,false,OK
TEL-0002501,RU-BOS-01,2026-08-28T10:40:00Z,-19.99,46.45,false,OK
TEL-0002502,RU-BOS-01,2026-08-28T10:45:00Z,-20.28,43.14,false,OK
TEL-0002503,RU-BOS-01,2026-08-28T10:50:00Z,-21.16,45.65,false,OK
TEL-0002504,RU-BOS-01,2026-08-28T10:55:00Z,-20.13,42.13,false,OK
TEL-0002505,RU-BOS-01,2026-08-28T11:00:00Z,-21.03,45.77,false,OK
TEL-0002506,RU-BOS-01,2026-08-28T11:05:00Z,-20.14,43.05,false,OK
TEL-0002507,RU-BOS-01,2026-08-28T11:10:00Z,-20.48,43.38,false,OK
TEL-0002508,RU-BOS-01,2026-08-28T11:15:00Z,-20.5,45.37,false,OK
TEL-0002509,RU-BOS-01,2026-08-28T11:20:00Z,-21.11,45.19,false,OK
TEL-0002510,RU-BOS-01,2026-08-28T11:25:00Z,-21.16,43.22,false,OK
TEL-0002511,RU-BOS-01,2026-08-28T11:30:00Z,-20.82,44.81,false,OK
TEL-0002512,RU-BOS-01,2026-08-28T11:35:00Z,-20.85,42.05,false,OK
TEL-0002513,RU-BOS-01,2026-08-28T11:40:00Z,-20.81,43.62,false,OK
TEL-0002514,RU-BOS-01,2026-08-28T11:45:00Z,-20.58,43.13,false,OK
TEL-0002515,RU-BOS-01,2026-08-28T11:50:00Z,-20.64,43.57,false,OK
TEL-0002516,RU-BOS-01,2026-08-28T11:55:00Z,-20.36,44.34,false,OK
TEL-0002517,RU-BOS-01,2026-08-28T12:00:00Z,-20.87,46.64,false,OK
TEL-0002518,RU-BOS-01,2026-08-28T12:05:00Z,-20.75,41.52,false,OK
TEL-0002519,RU-BOS-01,2026-08-28T12:10:00Z,-19.94,46.64,false,OK
TEL-0002520,RU-BOS-01,2026-08-28T12:15:00Z,-20.34,41.96,false,OK
TEL-0002521,RU-BOS-01,2026-08-28T12:20:00Z,-20.77,42.24,false,OK
TEL-0002522,RU-BOS-01,2026-08-28T12:25:00Z,-20.36,42.85,false,OK
TEL-0002523,RU-BOS-01,2026-08-28T12:30:00Z,-21.1,43.19,false,OK
TEL-0002524,RU-BOS-01,2026-08-28T12:35:00Z,-19.98,41.08,false,OK
TEL-0002525,RU-BOS-01,2026-08-28T12:40:00Z,-21.11,41.67,false,OK
TEL-0002526,RU-BOS-01,2026-08-28T12:45:00Z,-20.82,45.56,false,OK
TEL-0002527,RU-BOS-01,2026-08-28T12:50:00Z,-20.2,43.59,false,OK
TEL-0002528,RU-BOS-01,2026-08-28T12:55:00Z,-19.86,45.21,false,OK
TEL-0002529,RU-BOS-01,2026-08-28T13:00:00Z,-20.77,46.22,false,OK
TEL-0002530,RU-BOS-01,2026-08-28T13:05:00Z,-21.1,45.45,false,OK
TEL-0002531,RU-BOS-01,2026-08-28T13:10:00Z,-19.81,45.8,false,OK
TEL-0002532,RU-BOS-01,2026-08-28T13:15:00Z,-20.72,46.46,false,OK
TEL-0002533,RU-BOS-01,2026-08-28T13:20:00Z,-20.96,41.21,false,OK
TEL-0002534,RU-BOS-01,2026-08-28T13:25:00Z,-20.61,43.33,false,OK
TEL-0002535,RU-BOS-01,2026-08-28T13:30:00Z,-20.19,43.53,false,OK
TEL-0002536,RU-BOS-01,2026-08-28T13:35:00Z,-21.02,44.79,false,OK
TEL-0002537,RU-BOS-01,2026-08-28T13:40:00Z,-20.4,42.31,false,OK
TEL-0002538,RU-BOS-01,2026-08-28T13:45:00Z,-20.73,45.62,false,OK
TEL-0002539,RU-BOS-01,2026-08-28T13:50:00Z,-20.34,46.56,false,OK
TEL-0002540,RU-BOS-01,2026-08-28T13:55:00Z,-21.16,46.66,false,OK
TEL-0002541,RU-BOS-01,2026-08-28T14:00:00Z,-19.8,46.23,false,OK
TEL-0002542,RU-BOS-01,2026-08-28T14:05:00Z,-20.22,46.08,false,OK
TEL-0002543,RU-BOS-01,2026-08-28T14:10:00Z,-20.2,42.75,false,OK
TEL-0002544,RU-BOS-01,2026-08-28T14:15:00Z,-20.57,45.99,false,OK
TEL-0002545,RU-BOS-01,2026-08-28T14:20:00Z,-19.96,45.93,false,OK
TEL-0002546,RU-BOS-01,2026-08-28T14:25:00Z,-21.1,43.32,false,OK
TEL-0002547,RU-BOS-01,2026-08-28T14:30:00Z,-21.13,43.57,false,OK
TEL-0002548,RU-BOS-01,2026-08-28T14:35:00Z,-20.34,44.77,false,OK
TEL-0002549,RU-BOS-01,2026-08-28T14:40:00Z,-20.01,46.8,false,OK
TEL-0002550,RU-BOS-01,2026-08-28T14:45:00Z,-20.1,45.52,false,OK
TEL-0002551,RU-BOS-01,2026-08-28T14:50:00Z,-19.81,45.49,false,OK
TEL-0002552,RU-BOS-01,2026-08-28T14:55:00Z,-20.92,43.71,false,OK
TEL-0002553,RU-BOS-01,2026-08-28T15:00:00Z,-20.15,42.06,false,OK
TEL-0002554,RU-BOS-01,2026-08-28T15:05:00Z,-20.77,41.37,false,OK
TEL-0002555,RU-BOS-01,2026-08-28T15:10:00Z,-21.14,44.56,false,OK
TEL-0002556,RU-BOS-01,2026-08-28T15:15:00Z,-20.11,46.37,false,OK
TEL-0002557,RU-BOS-01,2026-08-28T15:20:00Z,-20.14,43.35,false,OK
TEL-0002558,RU-BOS-01,2026-08-28T15:25:00Z,-20.92,41.79,false,OK
TEL-0002559,RU-BOS-01,2026-08-28T15:30:00Z,-20.38,42.22,false,OK
TEL-0002560,RU-BOS-01,2026-08-28T15:35:00Z,-20.06,45.13,false,OK
TEL-0002561,RU-BOS-01,2026-08-28T15:40:00Z,-20.55,42.22,false,OK
TEL-0002562,RU-BOS-01,2026-08-28T15:45:00Z,-20.56,43.68,false,OK
TEL-0002563,RU-BOS-01,2026-08-28T15:50:00Z,-21.14,44.53,false,OK
TEL-0002564,RU-BOS-01,2026-08-28T15:55:00Z,-20.35,42.61,false,OK
TEL-0002565,RU-BOS-01,2026-08-28T16:00:00Z,-20.0,43.74,false,OK
TEL-0002566,RU-BOS-01,2026-08-28T16:05:00Z,-20.84,44.9,false,OK
TEL-0002567,RU-BOS-01,2026-08-28T16:10:00Z,-20.39,42.32,false,OK
TEL-0002568,RU-BOS-01,2026-08-28T16:15:00Z,-19.89,42.54,false,OK
TEL-0002569,RU-BOS-01,2026-08-28T16:20:00Z,-21.03,43.79,false,OK
TEL-0002570,RU-BOS-01,2026-08-28T16:25:00Z,-20.0,46.5,false,OK
TEL-0002571,RU-BOS-01,2026-08-28T16:30:00Z,-21.08,45.56,false,OK
TEL-0002572,RU-BOS-01,2026-08-28T16:35:00Z,-20.33,42.56,false,OK
TEL-0002573,RU-BOS-01,2026-08-28T16:40:00Z,-20.3,41.03,false,OK
TEL-0002574,RU-BOS-01,2026-08-28T16:45:00Z,-20.55,41.88,false,OK
TEL-0002575,RU-BOS-01,2026-08-28T16:50:00Z,-20.26,45.3,false,OK
TEL-0002576,RU-BOS-01,2026-08-28T16:55:00Z,-20.2,42.57,false,OK
TEL-0002577,RU-BOS-01,2026-08-28T17:00:00Z,-19.82,46.33,false,OK
TEL-0002578,RU-BOS-01,2026-08-28T17:05:00Z,-20.08,44.95,false,OK
TEL-0002579,RU-BOS-01,2026-08-28T17:10:00Z,-20.74,42.26,false,OK
TEL-0002580,RU-BOS-01,2026-08-28T17:15:00Z,-20.32,43.45,false,OK
TEL-0002581,RU-BOS-01,2026-08-28T17:20:00Z,-20.03,43.65,false,OK
TEL-0002582,RU-BOS-01,2026-08-28T17:25:00Z,-20.81,44.46,false,OK
TEL-0002583,RU-BOS-01,2026-08-28T17:30:00Z,-20.86,45.5,false,OK
TEL-0002584,RU-BOS-01,2026-08-28T17:35:00Z,-20.95,45.44,false,OK
TEL-0002585,RU-BOS-01,2026-08-28T17:40:00Z,-20.76,43.51,false,OK
TEL-0002586,RU-BOS-01,2026-08-28T17:45:00Z,-20.23,43.95,false,OK
TEL-0002587,RU-BOS-01,2026-08-28T17:50:00Z,-20.74,45.3,false,OK
TEL-0002588,RU-BOS-01,2026-08-28T17:55:00Z,-20.71,42.0,false,OK
TEL-0002589,RU-BOS-01,2026-08-28T18:00:00Z,-20.86,41.87,false,OK
TEL-0002590,RU-BOS-01,2026-08-28T18:05:00Z,-20.1,41.73,false,OK
TEL-0002591,RU-BOS-01,2026-08-28T18:10:00Z,-21.04,42.67,false,OK
TEL-0002592,RU-BOS-01,2026-08-28T18:15:00Z,-20.34,42.97,false,OK
TEL-0002593,RU-BOS-01,2026-08-28T18:20:00Z,-20.89,46.67,false,OK
TEL-0002594,RU-BOS-01,2026-08-28T18:25:00Z,-20.3,44.91,false,OK
TEL-0002595,RU-BOS-01,2026-08-28T18:30:00Z,-20.15,43.31,false,OK
TEL-0002596,RU-BOS-01,2026-08-28T18:35:00Z,-21.11,41.09,false,OK
TEL-0002597,RU-BOS-01,2026-08-28T18:40:00Z,-20.96,45.49,false,OK
TEL-0002598,RU-BOS-01,2026-08-28T18:45:00Z,-20.04,41.74,false,OK
TEL-0002599,RU-BOS-01,2026-08-28T18:50:00Z,-21.1,45.26,false,OK
TEL-0002600,RU-BOS-01,2026-08-28T18:55:00Z,-20.88,44.99,false,OK
TEL-0002601,RU-BOS-01,2026-08-28T19:00:00Z,-20.96,45.75,false,OK
TEL-0002602,RU-BOS-02,2026-08-27T19:00:00Z,-20.26,43.84,false,OK
TEL-0002603,RU-BOS-02,2026-08-27T19:05:00Z,-19.92,44.79,false,OK
TEL-0002604,RU-BOS-02,2026-08-27T19:10:00Z,-20.71,46.21,false,OK
TEL-0002605,RU-BOS-02,2026-08-27T19:15:00Z,-20.01,43.82,false,OK
TEL-0002606,RU-BOS-02,2026-08-27T19:20:00Z,-21.05,43.76,false,OK
TEL-0002607,RU-BOS-02,2026-08-27T19:25:00Z,-20.8,46.89,false,OK
TEL-0002608,RU-BOS-02,2026-08-27T19:30:00Z,-20.65,44.19,false,OK
TEL-0002609,RU-BOS-02,2026-08-27T19:35:00Z,-20.67,43.85,false,OK
TEL-0002610,RU-BOS-02,2026-08-27T19:40:00Z,-20.93,45.76,false,OK
TEL-0002611,RU-BOS-02,2026-08-27T19:45:00Z,-19.91,44.59,false,OK
TEL-0002612,RU-BOS-02,2026-08-27T19:50:00Z,-20.15,44.81,false,OK
TEL-0002613,RU-BOS-02,2026-08-27T19:55:00Z,-21.07,45.36,false,OK
TEL-0002614,RU-BOS-02,2026-08-27T20:00:00Z,-19.9,41.41,false,OK
TEL-0002615,RU-BOS-02,2026-08-27T20:05:00Z,-21.17,45.63,false,OK
TEL-0002616,RU-BOS-02,2026-08-27T20:10:00Z,-20.2,44.29,false,OK
TEL-0002617,RU-BOS-02,2026-08-27T20:15:00Z,-19.87,41.98,false,OK
TEL-0002618,RU-BOS-02,2026-08-27T20:20:00Z,-21.19,43.61,false,OK
TEL-0002619,RU-BOS-02,2026-08-27T20:25:00Z,-20.09,44.88,false,OK
TEL-0002620,RU-BOS-02,2026-08-27T20:30:00Z,-20.38,46.96,false,OK
TEL-0002621,RU-BOS-02,2026-08-27T20:35:00Z,-20.38,46.26,false,OK
TEL-0002622,RU-BOS-02,2026-08-27T20:40:00Z,-21.05,44.29,false,OK
TEL-0002623,RU-BOS-02,2026-08-27T20:45:00Z,-20.43,43.79,false,OK
TEL-0002624,RU-BOS-02,2026-08-27T20:50:00Z,-20.96,44.93,false,OK
TEL-0002625,RU-BOS-02,2026-08-27T20:55:00Z,-19.83,42.95,false,OK
TEL-0002626,RU-BOS-02,2026-08-27T21:00:00Z,-20.8,46.29,false,OK
TEL-0002627,RU-BOS-02,2026-08-27T21:05:00Z,-19.86,44.74,false,OK
TEL-0002628,RU-BOS-02,2026-08-27T21:10:00Z,-20.53,43.51,false,OK
TEL-0002629,RU-BOS-02,2026-08-27T21:15:00Z,-20.52,45.7,false,OK
TEL-0002630,RU-BOS-02,2026-08-27T21:20:00Z,-20.3,46.06,false,OK
TEL-0002631,RU-BOS-02,2026-08-27T21:25:00Z,-19.85,41.01,false,OK
TEL-0002632,RU-BOS-02,2026-08-27T21:30:00Z,-21.0,44.21,false,OK
TEL-0002633,RU-BOS-02,2026-08-27T21:35:00Z,-21.15,44.11,false,OK
TEL-0002634,RU-BOS-02,2026-08-27T21:40:00Z,-20.09,46.94,false,OK
TEL-0002635,RU-BOS-02,2026-08-27T21:45:00Z,-19.87,42.64,false,OK
TEL-0002636,RU-BOS-02,2026-08-27T21:50:00Z,-20.8,45.53,false,OK
TEL-0002637,RU-BOS-02,2026-08-27T21:55:00Z,-20.28,42.28,false,OK
TEL-0002638,RU-BOS-02,2026-08-27T22:00:00Z,-20.45,41.71,false,OK
TEL-0002639,RU-BOS-02,2026-08-27T22:05:00Z,-21.0,46.61,false,OK
TEL-0002640,RU-BOS-02,2026-08-27T22:10:00Z,-20.76,42.21,false,OK
TEL-0002641,RU-BOS-02,2026-08-27T22:15:00Z,-20.02,41.02,false,OK
TEL-0002642,RU-BOS-02,2026-08-27T22:20:00Z,-21.0,41.48,false,OK
TEL-0002643,RU-BOS-02,2026-08-27T22:25:00Z,-20.4,44.54,false,OK
TEL-0002644,RU-BOS-02,2026-08-27T22:30:00Z,-20.7,42.42,false,OK
TEL-0002645,RU-BOS-02,2026-08-27T22:35:00Z,-19.88,42.42,false,OK
TEL-0002646,RU-BOS-02,2026-08-27T22:40:00Z,-20.08,45.14,false,OK
TEL-0002647,RU-BOS-02,2026-08-27T22:45:00Z,-20.33,42.18,false,OK
TEL-0002648,RU-BOS-02,2026-08-27T22:50:00Z,-20.81,43.25,false,OK
TEL-0002649,RU-BOS-02,2026-08-27T22:55:00Z,-21.17,44.95,false,OK
TEL-0002650,RU-BOS-02,2026-08-27T23:00:00Z,-20.46,45.25,false,OK
TEL-0002651,RU-BOS-02,2026-08-27T23:05:00Z,-20.1,44.17,false,OK
TEL-0002652,RU-BOS-02,2026-08-27T23:10:00Z,-20.71,45.93,false,OK
TEL-0002653,RU-BOS-02,2026-08-27T23:15:00Z,-19.97,46.74,false,OK
TEL-0002654,RU-BOS-02,2026-08-27T23:20:00Z,-20.68,44.08,false,OK
TEL-0002655,RU-BOS-02,2026-08-27T23:25:00Z,-20.39,45.82,false,OK
TEL-0002656,RU-BOS-02,2026-08-27T23:30:00Z,-20.44,41.77,false,OK
TEL-0002657,RU-BOS-02,2026-08-27T23:35:00Z,-21.04,46.9,false,OK
TEL-0002658,RU-BOS-02,2026-08-27T23:40:00Z,-20.25,41.34,false,OK
TEL-0002659,RU-BOS-02,2026-08-27T23:45:00Z,-21.12,46.39,false,OK
TEL-0002660,RU-BOS-02,2026-08-27T23:50:00Z,-20.78,46.03,false,OK
TEL-0002661,RU-BOS-02,2026-08-27T23:55:00Z,-21.14,42.04,false,OK
TEL-0002662,RU-BOS-02,2026-08-28T00:00:00Z,-20.16,45.04,false,OK
TEL-0002663,RU-BOS-02,2026-08-28T00:05:00Z,-21.18,45.64,false,OK
TEL-0002664,RU-BOS-02,2026-08-28T00:10:00Z,-20.72,43.8,false,OK
TEL-0002665,RU-BOS-02,2026-08-28T00:15:00Z,-20.47,43.08,true,OK
TEL-0002666,RU-BOS-02,2026-08-28T00:20:00Z,-20.6,45.9,false,OK
TEL-0002667,RU-BOS-02,2026-08-28T00:25:00Z,-20.38,43.23,false,OK
TEL-0002668,RU-BOS-02,2026-08-28T00:30:00Z,-21.02,41.24,false,OK
TEL-0002669,RU-BOS-02,2026-08-28T00:35:00Z,-20.65,43.22,false,OK
TEL-0002670,RU-BOS-02,2026-08-28T00:40:00Z,-20.8,43.51,false,OK
TEL-0002671,RU-BOS-02,2026-08-28T00:45:00Z,-19.88,46.98,false,OK
TEL-0002672,RU-BOS-02,2026-08-28T00:50:00Z,-19.88,42.71,false,OK
TEL-0002673,RU-BOS-02,2026-08-28T00:55:00Z,-20.55,44.92,false,OK
TEL-0002674,RU-BOS-02,2026-08-28T01:00:00Z,-20.04,43.54,false,OK
TEL-0002675,RU-BOS-02,2026-08-28T01:05:00Z,-20.95,44.65,false,OK
TEL-0002676,RU-BOS-02,2026-08-28T01:10:00Z,-20.97,41.85,false,OK
TEL-0002677,RU-BOS-02,2026-08-28T01:15:00Z,-20.24,44.27,false,OK
TEL-0002678,RU-BOS-02,2026-08-28T01:20:00Z,-19.95,45.08,false,OK
TEL-0002679,RU-BOS-02,2026-08-28T01:25:00Z,-21.1,41.46,false,OK
TEL-0002680,RU-BOS-02,2026-08-28T01:30:00Z,-20.37,42.38,false,OK
TEL-0002681,RU-BOS-02,2026-08-28T01:35:00Z,-20.15,41.56,false,OK
TEL-0002682,RU-BOS-02,2026-08-28T01:40:00Z,-20.79,43.14,false,OK
TEL-0002683,RU-BOS-02,2026-08-28T01:45:00Z,-20.78,41.82,false,OK
TEL-0002684,RU-BOS-02,2026-08-28T01:50:00Z,-20.26,43.7,false,OK
TEL-0002685,RU-BOS-02,2026-08-28T01:55:00Z,-20.71,42.25,false,OK
TEL-0002686,RU-BOS-02,2026-08-28T02:00:00Z,-20.31,41.56,false,OK
TEL-0002687,RU-BOS-02,2026-08-28T02:05:00Z,-20.63,43.12,false,OK
TEL-0002688,RU-BOS-02,2026-08-28T02:10:00Z,-20.86,46.4,false,OK
TEL-0002689,RU-BOS-02,2026-08-28T02:15:00Z,-20.96,42.47,false,OK
TEL-0002690,RU-BOS-02,2026-08-28T02:20:00Z,-20.44,45.92,false,OK
TEL-0002691,RU-BOS-02,2026-08-28T02:25:00Z,-20.37,43.41,false,OK
TEL-0002692,RU-BOS-02,2026-08-28T02:30:00Z,-20.87,41.9,false,OK
TEL-0002693,RU-BOS-02,2026-08-28T02:35:00Z,-20.83,47.0,false,OK
TEL-0002694,RU-BOS-02,2026-08-28T02:40:00Z,-21.17,45.15,false,OK
TEL-0002695,RU-BOS-02,2026-08-28T02:45:00Z,-21.1,45.91,false,OK
TEL-0002696,RU-BOS-02,2026-08-28T02:50:00Z,-20.95,44.63,false,OK
TEL-0002697,RU-BOS-02,2026-08-28T02:55:00Z,-20.24,44.61,false,OK
TEL-0002698,RU-BOS-02,2026-08-28T03:00:00Z,-20.87,44.55,false,OK
TEL-0002699,RU-BOS-02,2026-08-28T03:05:00Z,-21.0,45.09,false,OK
TEL-0002700,RU-BOS-02,2026-08-28T03:10:00Z,-20.26,42.0,false,OK
TEL-0002701,RU-BOS-02,2026-08-28T03:15:00Z,-20.13,43.44,false,OK
TEL-0002702,RU-BOS-02,2026-08-28T03:20:00Z,-20.79,46.0,false,OK
TEL-0002703,RU-BOS-02,2026-08-28T03:25:00Z,-20.53,46.47,false,OK
TEL-0002704,RU-BOS-02,2026-08-28T03:30:00Z,-20.17,42.9,false,OK
TEL-0002705,RU-BOS-02,2026-08-28T03:35:00Z,-20.89,43.86,false,OK
TEL-0002706,RU-BOS-02,2026-08-28T03:40:00Z,-20.25,42.08,false,OK
TEL-0002707,RU-BOS-02,2026-08-28T03:45:00Z,-20.46,46.79,false,OK
TEL-0002708,RU-BOS-02,2026-08-28T03:50:00Z,-19.95,45.56,false,OK
TEL-0002709,RU-BOS-02,2026-08-28T03:55:00Z,-20.14,43.59,false,OK
TEL-0002710,RU-BOS-02,2026-08-28T04:00:00Z,-20.77,44.04,false,OK
TEL-0002711,RU-BOS-02,2026-08-28T04:05:00Z,-20.14,43.49,false,OK
TEL-0002712,RU-BOS-02,2026-08-28T04:10:00Z,-20.33,43.17,false,OK
TEL-0002713,RU-BOS-02,2026-08-28T04:15:00Z,-19.86,46.4,false,OK
TEL-0002714,RU-BOS-02,2026-08-28T04:20:00Z,-20.82,45.95,false,OK
TEL-0002715,RU-BOS-02,2026-08-28T04:25:00Z,-20.59,45.66,false,OK
TEL-0002716,RU-BOS-02,2026-08-28T04:30:00Z,-20.5,42.04,false,OK
TEL-0002717,RU-BOS-02,2026-08-28T04:35:00Z,-21.04,41.2,false,OK
TEL-0002718,RU-BOS-02,2026-08-28T04:40:00Z,-20.51,45.65,false,OK
TEL-0002719,RU-BOS-02,2026-08-28T04:45:00Z,-20.29,46.24,false,OK
TEL-0002720,RU-BOS-02,2026-08-28T04:50:00Z,-20.04,41.48,false,OK
TEL-0002721,RU-BOS-02,2026-08-28T04:55:00Z,-20.45,42.9,false,OK
TEL-0002722,RU-BOS-02,2026-08-28T05:00:00Z,-20.34,43.79,false,OK
TEL-0002723,RU-BOS-02,2026-08-28T05:05:00Z,-20.07,43.89,false,OK
TEL-0002724,RU-BOS-02,2026-08-28T05:10:00Z,-20.4,44.86,false,OK
TEL-0002725,RU-BOS-02,2026-08-28T05:15:00Z,-20.77,42.83,false,OK
TEL-0002726,RU-BOS-02,2026-08-28T05:20:00Z,-20.72,43.84,false,OK
TEL-0002727,RU-BOS-02,2026-08-28T05:25:00Z,-19.99,41.34,true,OK
TEL-0002728,RU-BOS-02,2026-08-28T05:30:00Z,-21.11,43.52,false,OK
TEL-0002729,RU-BOS-02,2026-08-28T05:35:00Z,-20.99,44.61,false,OK
TEL-0002730,RU-BOS-02,2026-08-28T05:40:00Z,-20.03,44.15,false,OK
TEL-0002731,RU-BOS-02,2026-08-28T05:45:00Z,-20.35,42.11,false,OK
TEL-0002732,RU-BOS-02,2026-08-28T05:50:00Z,-19.82,42.38,false,OK
TEL-0002733,RU-BOS-02,2026-08-28T05:55:00Z,-20.74,46.34,false,OK
TEL-0002734,RU-BOS-02,2026-08-28T06:00:00Z,-20.06,42.89,false,OK
TEL-0002735,RU-BOS-02,2026-08-28T06:05:00Z,-20.07,45.66,false,OK
TEL-0002736,RU-BOS-02,2026-08-28T06:10:00Z,-20.31,44.88,false,OK
TEL-0002737,RU-BOS-02,2026-08-28T06:15:00Z,-20.99,45.57,false,OK
TEL-0002738,RU-BOS-02,2026-08-28T06:20:00Z,-20.54,44.24,false,OK
TEL-0002739,RU-BOS-02,2026-08-28T06:25:00Z,-19.88,44.73,false,OK
TEL-0002740,RU-BOS-02,2026-08-28T06:30:00Z,-20.78,44.93,false,OK
TEL-0002741,RU-BOS-02,2026-08-28T06:35:00Z,-20.62,44.82,false,OK
TEL-0002742,RU-BOS-02,2026-08-28T06:40:00Z,-20.18,45.4,false,OK
TEL-0002743,RU-BOS-02,2026-08-28T06:45:00Z,-21.16,41.4,false,OK
TEL-0002744,RU-BOS-02,2026-08-28T06:50:00Z,-20.97,44.33,false,OK
TEL-0002745,RU-BOS-02,2026-08-28T06:55:00Z,-21.12,41.75,false,OK
TEL-0002746,RU-BOS-02,2026-08-28T07:00:00Z,-20.59,43.41,false,OK
TEL-0002747,RU-BOS-02,2026-08-28T07:05:00Z,-20.57,42.8,false,OK
TEL-0002748,RU-BOS-02,2026-08-28T07:10:00Z,-20.7,46.83,false,OK
TEL-0002749,RU-BOS-02,2026-08-28T07:15:00Z,-21.06,42.4,false,OK
TEL-0002750,RU-BOS-02,2026-08-28T07:20:00Z,-20.24,45.25,false,OK
TEL-0002751,RU-BOS-02,2026-08-28T07:25:00Z,-20.73,43.43,false,OK
TEL-0002752,RU-BOS-02,2026-08-28T07:30:00Z,-19.99,46.34,false,OK
TEL-0002753,RU-BOS-02,2026-08-28T07:35:00Z,-20.37,44.86,false,OK
TEL-0002754,RU-BOS-02,2026-08-28T07:40:00Z,-20.31,46.72,false,OK
TEL-0002755,RU-BOS-02,2026-08-28T07:45:00Z,-21.05,46.03,false,OK
TEL-0002756,RU-BOS-02,2026-08-28T07:50:00Z,-20.67,45.14,false,OK
TEL-0002757,RU-BOS-02,2026-08-28T07:55:00Z,-20.89,41.48,false,OK
TEL-0002758,RU-BOS-02,2026-08-28T08:00:00Z,-20.34,45.28,false,OK
TEL-0002759,RU-BOS-02,2026-08-28T08:05:00Z,-20.99,42.42,false,OK
TEL-0002760,RU-BOS-02,2026-08-28T08:10:00Z,-20.77,44.43,false,OK
TEL-0002761,RU-BOS-02,2026-08-28T08:15:00Z,-20.41,43.57,false,OK
TEL-0002762,RU-BOS-02,2026-08-28T08:20:00Z,-20.91,43.99,false,OK
TEL-0002763,RU-BOS-02,2026-08-28T08:25:00Z,-21.15,45.1,true,OK
TEL-0002764,RU-BOS-02,2026-08-28T08:30:00Z,-20.83,43.18,false,OK
TEL-0002765,RU-BOS-02,2026-08-28T08:35:00Z,-19.83,41.38,false,OK
TEL-0002766,RU-BOS-02,2026-08-28T08:40:00Z,-20.05,41.16,false,OK
TEL-0002767,RU-BOS-02,2026-08-28T08:45:00Z,-20.96,42.47,false,OK
TEL-0002768,RU-BOS-02,2026-08-28T08:50:00Z,-20.25,45.62,false,OK
TEL-0002769,RU-BOS-02,2026-08-28T08:55:00Z,-20.08,44.35,false,OK
TEL-0002770,RU-BOS-02,2026-08-28T09:00:00Z,-20.39,43.37,false,OK
TEL-0002771,RU-BOS-02,2026-08-28T09:05:00Z,-19.93,45.21,false,OK
TEL-0002772,RU-BOS-02,2026-08-28T09:10:00Z,-20.77,41.08,false,OK
TEL-0002773,RU-BOS-02,2026-08-28T09:15:00Z,-20.5,41.18,false,OK
TEL-0002774,RU-BOS-02,2026-08-28T09:20:00Z,-21.06,45.46,false,OK
TEL-0002775,RU-BOS-02,2026-08-28T09:25:00Z,-21.04,42.38,false,OK
TEL-0002776,RU-BOS-02,2026-08-28T09:30:00Z,-20.9,45.01,false,OK
TEL-0002777,RU-BOS-02,2026-08-28T09:35:00Z,-20.6,44.18,false,OK
TEL-0002778,RU-BOS-02,2026-08-28T09:40:00Z,-19.83,43.74,false,OK
TEL-0002779,RU-BOS-02,2026-08-28T09:45:00Z,-20.79,45.02,false,OK
TEL-0002780,RU-BOS-02,2026-08-28T09:50:00Z,-21.04,42.48,false,OK
TEL-0002781,RU-BOS-02,2026-08-28T09:55:00Z,-19.8,44.53,false,OK
TEL-0002782,RU-BOS-02,2026-08-28T10:00:00Z,-20.99,44.61,false,OK
TEL-0002783,RU-BOS-02,2026-08-28T10:05:00Z,-20.51,43.54,false,OK
TEL-0002784,RU-BOS-02,2026-08-28T10:10:00Z,-20.52,41.79,false,OK
TEL-0002785,RU-BOS-02,2026-08-28T10:15:00Z,-20.49,44.12,false,OK
TEL-0002786,RU-BOS-02,2026-08-28T10:20:00Z,-20.1,43.24,false,OK
TEL-0002787,RU-BOS-02,2026-08-28T10:25:00Z,-21.19,44.94,false,OK
TEL-0002788,RU-BOS-02,2026-08-28T10:30:00Z,-20.87,44.89,false,OK
TEL-0002789,RU-BOS-02,2026-08-28T10:35:00Z,-21.18,41.76,false,OK
TEL-0002790,RU-BOS-02,2026-08-28T10:40:00Z,-21.05,42.13,false,OK
TEL-0002791,RU-BOS-02,2026-08-28T10:45:00Z,-21.01,41.02,false,OK
TEL-0002792,RU-BOS-02,2026-08-28T10:50:00Z,-20.21,43.36,false,OK
TEL-0002793,RU-BOS-02,2026-08-28T10:55:00Z,-20.53,43.03,false,OK
TEL-0002794,RU-BOS-02,2026-08-28T11:00:00Z,-20.71,41.11,false,OK
TEL-0002795,RU-BOS-02,2026-08-28T11:05:00Z,-20.01,46.23,false,OK
TEL-0002796,RU-BOS-02,2026-08-28T11:10:00Z,-20.17,45.26,false,OK
TEL-0002797,RU-BOS-02,2026-08-28T11:15:00Z,-21.09,41.05,true,OK
TEL-0002798,RU-BOS-02,2026-08-28T11:20:00Z,-20.13,44.19,false,OK
TEL-0002799,RU-BOS-02,2026-08-28T11:25:00Z,-20.03,42.31,false,OK
TEL-0002800,RU-BOS-02,2026-08-28T11:30:00Z,-20.23,46.67,false,OK
TEL-0002801,RU-BOS-02,2026-08-28T11:35:00Z,-21.04,41.28,false,OK
TEL-0002802,RU-BOS-02,2026-08-28T11:40:00Z,-20.15,41.63,false,OK
TEL-0002803,RU-BOS-02,2026-08-28T11:45:00Z,-20.38,41.72,false,OK
TEL-0002804,RU-BOS-02,2026-08-28T11:50:00Z,-19.92,41.62,false,OK
TEL-0002805,RU-BOS-02,2026-08-28T11:55:00Z,-20.91,45.84,false,OK
TEL-0002806,RU-BOS-02,2026-08-28T12:00:00Z,-20.69,45.87,false,OK
TEL-0002807,RU-BOS-02,2026-08-28T12:05:00Z,-20.37,41.48,false,OK
TEL-0002808,RU-BOS-02,2026-08-28T12:10:00Z,-20.59,45.94,false,OK
TEL-0002809,RU-BOS-02,2026-08-28T12:15:00Z,-20.96,46.21,false,OK
TEL-0002810,RU-BOS-02,2026-08-28T12:20:00Z,-20.68,41.07,false,OK
TEL-0002811,RU-BOS-02,2026-08-28T12:25:00Z,-21.16,44.03,false,OK
TEL-0002812,RU-BOS-02,2026-08-28T12:30:00Z,-20.84,44.19,false,OK
TEL-0002813,RU-BOS-02,2026-08-28T12:35:00Z,-20.45,42.92,false,OK
TEL-0002814,RU-BOS-02,2026-08-28T12:40:00Z,-19.92,43.86,false,OK
TEL-0002815,RU-BOS-02,2026-08-28T12:45:00Z,-21.13,43.99,false,OK
TEL-0002816,RU-BOS-02,2026-08-28T12:50:00Z,-19.97,43.22,false,OK
TEL-0002817,RU-BOS-02,2026-08-28T12:55:00Z,-20.86,44.57,false,OK
TEL-0002818,RU-BOS-02,2026-08-28T13:00:00Z,-19.83,44.64,false,OK
TEL-0002819,RU-BOS-02,2026-08-28T13:05:00Z,-19.94,45.03,false,OK
TEL-0002820,RU-BOS-02,2026-08-28T13:10:00Z,-20.44,46.71,false,OK
TEL-0002821,RU-BOS-02,2026-08-28T13:15:00Z,-21.0,43.38,false,OK
TEL-0002822,RU-BOS-02,2026-08-28T13:20:00Z,-20.1,45.03,false,OK
TEL-0002823,RU-BOS-02,2026-08-28T13:25:00Z,-20.89,45.85,false,OK
TEL-0002824,RU-BOS-02,2026-08-28T13:30:00Z,-20.24,41.88,false,OK
TEL-0002825,RU-BOS-02,2026-08-28T13:35:00Z,-20.85,44.98,false,OK
TEL-0002826,RU-BOS-02,2026-08-28T13:40:00Z,-20.48,43.58,false,OK
TEL-0002827,RU-BOS-02,2026-08-28T13:45:00Z,-20.71,44.78,false,OK
TEL-0002828,RU-BOS-02,2026-08-28T13:50:00Z,-20.76,46.47,false,OK
TEL-0002829,RU-BOS-02,2026-08-28T13:55:00Z,-19.81,45.08,false,OK
TEL-0002830,RU-BOS-02,2026-08-28T14:00:00Z,-21.04,43.26,false,OK
TEL-0002831,RU-BOS-02,2026-08-28T14:05:00Z,-21.07,46.73,false,OK
TEL-0002832,RU-BOS-02,2026-08-28T14:10:00Z,-20.63,46.27,false,OK
TEL-0002833,RU-BOS-02,2026-08-28T14:15:00Z,-21.08,42.29,false,OK
TEL-0002834,RU-BOS-02,2026-08-28T14:20:00Z,-20.95,41.2,false,OK
TEL-0002835,RU-BOS-02,2026-08-28T14:25:00Z,-21.11,46.9,false,OK
TEL-0002836,RU-BOS-02,2026-08-28T14:30:00Z,-19.95,42.35,false,OK
TEL-0002837,RU-BOS-02,2026-08-28T14:35:00Z,-20.86,44.85,false,OK
TEL-0002838,RU-BOS-02,2026-08-28T14:40:00Z,-20.76,41.52,false,OK
TEL-0002839,RU-BOS-02,2026-08-28T14:45:00Z,-20.2,41.5,false,OK
TEL-0002840,RU-BOS-02,2026-08-28T14:50:00Z,-20.67,46.15,false,OK
TEL-0002841,RU-BOS-02,2026-08-28T14:55:00Z,-20.38,43.38,false,OK
TEL-0002842,RU-BOS-02,2026-08-28T15:00:00Z,-20.66,42.04,false,OK
TEL-0002843,RU-BOS-02,2026-08-28T15:05:00Z,-20.88,41.65,false,OK
TEL-0002844,RU-BOS-02,2026-08-28T15:10:00Z,-20.83,42.59,false,OK
TEL-0002845,RU-BOS-02,2026-08-28T15:15:00Z,-20.63,43.99,false,OK
TEL-0002846,RU-BOS-02,2026-08-28T15:20:00Z,-20.49,46.11,false,OK
TEL-0002847,RU-BOS-02,2026-08-28T15:25:00Z,-20.78,42.33,false,OK
TEL-0002848,RU-BOS-02,2026-08-28T15:30:00Z,-20.37,46.98,false,OK
TEL-0002849,RU-BOS-02,2026-08-28T15:35:00Z,-20.42,41.37,false,OK
TEL-0002850,RU-BOS-02,2026-08-28T15:40:00Z,-20.13,45.92,false,OK
TEL-0002851,RU-BOS-02,2026-08-28T15:45:00Z,-20.87,46.46,false,OK
TEL-0002852,RU-BOS-02,2026-08-28T15:50:00Z,-20.43,42.47,false,OK
TEL-0002853,RU-BOS-02,2026-08-28T15:55:00Z,-20.1,45.41,false,OK
TEL-0002854,RU-BOS-02,2026-08-28T16:00:00Z,-20.45,44.51,false,OK
TEL-0002855,RU-BOS-02,2026-08-28T16:05:00Z,-20.29,46.19,false,OK
TEL-0002856,RU-BOS-02,2026-08-28T16:10:00Z,-20.09,46.61,false,OK
TEL-0002857,RU-BOS-02,2026-08-28T16:15:00Z,-20.56,44.74,false,OK
TEL-0002858,RU-BOS-02,2026-08-28T16:20:00Z,-20.42,46.92,false,OK
TEL-0002859,RU-BOS-02,2026-08-28T16:25:00Z,-21.01,41.2,false,OK
TEL-0002860,RU-BOS-02,2026-08-28T16:30:00Z,-20.9,42.24,false,OK
TEL-0002861,RU-BOS-02,2026-08-28T16:35:00Z,-20.78,46.01,false,OK
TEL-0002862,RU-BOS-02,2026-08-28T16:40:00Z,-20.27,46.33,false,OK
TEL-0002863,RU-BOS-02,2026-08-28T16:45:00Z,-20.99,44.01,false,OK
TEL-0002864,RU-BOS-02,2026-08-28T16:50:00Z,-20.71,43.59,false,OK
TEL-0002865,RU-BOS-02,2026-08-28T16:55:00Z,-20.89,44.6,false,OK
TEL-0002866,RU-BOS-02,2026-08-28T17:00:00Z,-19.96,44.0,false,OK
TEL-0002867,RU-BOS-02,2026-08-28T17:05:00Z,-21.12,41.14,false,OK
TEL-0002868,RU-BOS-02,2026-08-28T17:10:00Z,-20.85,44.67,false,OK
TEL-0002869,RU-BOS-02,2026-08-28T17:15:00Z,-20.57,41.6,false,OK
TEL-0002870,RU-BOS-02,2026-08-28T17:20:00Z,-20.4,46.37,false,OK
TEL-0002871,RU-BOS-02,2026-08-28T17:25:00Z,-20.48,46.67,false,OK
TEL-0002872,RU-BOS-02,2026-08-28T17:30:00Z,-20.97,42.16,false,OK
TEL-0002873,RU-BOS-02,2026-08-28T17:35:00Z,-20.85,46.48,false,OK
TEL-0002874,RU-BOS-02,2026-08-28T17:40:00Z,-20.4,41.22,false,OK
TEL-0002875,RU-BOS-02,2026-08-28T17:45:00Z,-20.4,43.8,true,OK
TEL-0002876,RU-BOS-02,2026-08-28T17:50:00Z,-21.09,42.87,false,OK
TEL-0002877,RU-BOS-02,2026-08-28T17:55:00Z,-20.31,42.98,false,OK
TEL-0002878,RU-BOS-02,2026-08-28T18:00:00Z,-19.84,44.2,false,OK
TEL-0002879,RU-BOS-02,2026-08-28T18:05:00Z,-20.87,46.21,false,OK
TEL-0002880,RU-BOS-02,2026-08-28T18:10:00Z,-19.98,42.5,false,OK
TEL-0002881,RU-BOS-02,2026-08-28T18:15:00Z,-19.83,46.11,false,OK
TEL-0002882,RU-BOS-02,2026-08-28T18:20:00Z,-19.93,44.05,false,OK
TEL-0002883,RU-BOS-02,2026-08-28T18:25:00Z,-20.02,41.49,false,OK
TEL-0002884,RU-BOS-02,2026-08-28T18:30:00Z,-20.73,42.67,false,OK
TEL-0002885,RU-BOS-02,2026-08-28T18:35:00Z,-20.7,43.97,false,OK
TEL-0002886,RU-BOS-02,2026-08-28T18:40:00Z,-20.98,46.93,false,OK
TEL-0002887,RU-BOS-02,2026-08-28T18:45:00Z,-20.24,42.48,false,OK
TEL-0002888,RU-BOS-02,2026-08-28T18:50:00Z,-20.42,46.62,false,OK
TEL-0002889,RU-BOS-02,2026-08-28T18:55:00Z,-20.08,44.65,false,OK
TEL-0002890,RU-BOS-02,2026-08-28T19:00:00Z,-20.57,41.21,false,OK
TEL-0002891,RU-NYC-01,2026-08-27T19:00:00Z,-20.09,44.25,false,OK
TEL-0002892,RU-NYC-01,2026-08-27T19:05:00Z,-20.16,45.47,false,OK
TEL-0002893,RU-NYC-01,2026-08-27T19:10:00Z,-20.06,43.06,false,OK
TEL-0002894,RU-NYC-01,2026-08-27T19:15:00Z,-21.1,45.24,false,OK
TEL-0002895,RU-NYC-01,2026-08-27T19:20:00Z,-20.75,46.98,false,OK
TEL-0002896,RU-NYC-01,2026-08-27T19:25:00Z,-20.68,46.89,false,OK
TEL-0002897,RU-NYC-01,2026-08-27T19:30:00Z,-20.06,46.62,false,OK
TEL-0002898,RU-NYC-01,2026-08-27T19:35:00Z,-20.98,42.08,false,OK
TEL-0002899,RU-NYC-01,2026-08-27T19:40:00Z,-19.92,45.47,false,OK
TEL-0002900,RU-NYC-01,2026-08-27T19:45:00Z,-21.18,42.29,false,OK
TEL-0002901,RU-NYC-01,2026-08-27T19:50:00Z,-20.87,42.74,false,OK
TEL-0002902,RU-NYC-01,2026-08-27T19:55:00Z,-20.96,42.2,false,OK
TEL-0002903,RU-NYC-01,2026-08-27T20:00:00Z,-20.44,43.9,false,OK
TEL-0002904,RU-NYC-01,2026-08-27T20:05:00Z,-19.88,43.21,false,OK
TEL-0002905,RU-NYC-01,2026-08-27T20:10:00Z,-21.13,45.32,false,OK
TEL-0002906,RU-NYC-01,2026-08-27T20:15:00Z,-20.2,45.68,false,OK
TEL-0002907,RU-NYC-01,2026-08-27T20:20:00Z,-20.19,43.49,false,OK
TEL-0002908,RU-NYC-01,2026-08-27T20:25:00Z,-20.62,43.34,false,OK
TEL-0002909,RU-NYC-01,2026-08-27T20:30:00Z,-21.02,46.2,false,OK
TEL-0002910,RU-NYC-01,2026-08-27T20:35:00Z,-19.81,42.18,false,OK
TEL-0002911,RU-NYC-01,2026-08-27T20:40:00Z,-19.89,45.78,false,OK
TEL-0002912,RU-NYC-01,2026-08-27T20:45:00Z,-21.03,46.14,false,OK
TEL-0002913,RU-NYC-01,2026-08-27T20:50:00Z,-21.07,42.42,false,OK
TEL-0002914,RU-NYC-01,2026-08-27T20:55:00Z,-20.19,44.88,false,OK
TEL-0002915,RU-NYC-01,2026-08-27T21:00:00Z,-19.83,45.56,false,OK
TEL-0002916,RU-NYC-01,2026-08-27T21:05:00Z,-20.31,44.93,false,OK
TEL-0002917,RU-NYC-01,2026-08-27T21:10:00Z,-19.97,46.26,false,OK
TEL-0002918,RU-NYC-01,2026-08-27T21:15:00Z,-19.94,46.78,false,OK
TEL-0002919,RU-NYC-01,2026-08-27T21:20:00Z,-20.05,45.31,false,OK
TEL-0002920,RU-NYC-01,2026-08-27T21:25:00Z,-20.18,46.4,false,OK
TEL-0002921,RU-NYC-01,2026-08-27T21:30:00Z,-20.11,44.17,false,OK
TEL-0002922,RU-NYC-01,2026-08-27T21:35:00Z,-20.67,43.29,false,OK
TEL-0002923,RU-NYC-01,2026-08-27T21:40:00Z,-20.87,42.55,false,OK
TEL-0002924,RU-NYC-01,2026-08-27T21:45:00Z,-20.29,44.85,false,OK
TEL-0002925,RU-NYC-01,2026-08-27T21:50:00Z,-21.15,41.57,false,OK
TEL-0002926,RU-NYC-01,2026-08-27T21:55:00Z,-20.76,41.99,false,OK
TEL-0002927,RU-NYC-01,2026-08-27T22:00:00Z,-20.92,41.73,false,OK
TEL-0002928,RU-NYC-01,2026-08-27T22:05:00Z,-20.66,42.27,false,OK
TEL-0002929,RU-NYC-01,2026-08-27T22:10:00Z,-20.19,44.05,false,OK
TEL-0002930,RU-NYC-01,2026-08-27T22:15:00Z,-19.92,45.27,false,OK
TEL-0002931,RU-NYC-01,2026-08-27T22:20:00Z,-20.4,45.47,false,OK
TEL-0002932,RU-NYC-01,2026-08-27T22:25:00Z,-21.03,46.26,false,OK
TEL-0002933,RU-NYC-01,2026-08-27T22:30:00Z,-20.97,46.54,false,OK
TEL-0002934,RU-NYC-01,2026-08-27T22:35:00Z,-20.9,43.33,false,OK
TEL-0002935,RU-NYC-01,2026-08-27T22:40:00Z,-20.85,45.0,false,OK
TEL-0002936,RU-NYC-01,2026-08-27T22:45:00Z,-20.65,42.04,false,OK
TEL-0002937,RU-NYC-01,2026-08-27T22:50:00Z,-20.61,44.56,false,OK
TEL-0002938,RU-NYC-01,2026-08-27T22:55:00Z,-21.16,43.11,false,OK
TEL-0002939,RU-NYC-01,2026-08-27T23:00:00Z,-20.4,41.48,false,OK
TEL-0002940,RU-NYC-01,2026-08-27T23:05:00Z,-20.22,45.98,false,OK
TEL-0002941,RU-NYC-01,2026-08-27T23:10:00Z,-20.69,42.86,false,OK
TEL-0002942,RU-NYC-01,2026-08-27T23:15:00Z,-20.63,41.15,false,OK
TEL-0002943,RU-NYC-01,2026-08-27T23:20:00Z,-20.03,41.53,false,OK
TEL-0002944,RU-NYC-01,2026-08-27T23:25:00Z,-20.56,43.26,false,OK
TEL-0002945,RU-NYC-01,2026-08-27T23:30:00Z,-20.7,46.56,false,OK
TEL-0002946,RU-NYC-01,2026-08-27T23:35:00Z,-21.02,41.27,false,OK
TEL-0002947,RU-NYC-01,2026-08-27T23:40:00Z,-20.73,44.06,false,OK
TEL-0002948,RU-NYC-01,2026-08-27T23:45:00Z,-20.65,41.98,false,OK
TEL-0002949,RU-NYC-01,2026-08-27T23:50:00Z,-20.4,41.05,false,OK
TEL-0002950,RU-NYC-01,2026-08-27T23:55:00Z,-20.96,43.15,false,OK
TEL-0002951,RU-NYC-01,2026-08-28T00:00:00Z,-20.29,43.1,false,OK
TEL-0002952,RU-NYC-01,2026-08-28T00:05:00Z,-20.4,45.5,false,OK
TEL-0002953,RU-NYC-01,2026-08-28T00:10:00Z,-20.75,42.21,false,OK
TEL-0002954,RU-NYC-01,2026-08-28T00:15:00Z,-19.93,43.89,false,OK
TEL-0002955,RU-NYC-01,2026-08-28T00:20:00Z,-21.05,45.58,false,OK
TEL-0002956,RU-NYC-01,2026-08-28T00:25:00Z,-20.9,43.51,false,OK
TEL-0002957,RU-NYC-01,2026-08-28T00:30:00Z,-19.95,45.74,false,OK
TEL-0002958,RU-NYC-01,2026-08-28T00:35:00Z,-20.21,45.9,false,OK
TEL-0002959,RU-NYC-01,2026-08-28T00:40:00Z,-20.9,41.72,false,OK
TEL-0002960,RU-NYC-01,2026-08-28T00:45:00Z,-20.88,46.94,false,OK
TEL-0002961,RU-NYC-01,2026-08-28T00:50:00Z,-19.94,45.57,false,OK
TEL-0002962,RU-NYC-01,2026-08-28T00:55:00Z,-20.27,46.44,false,OK
TEL-0002963,RU-NYC-01,2026-08-28T01:00:00Z,-20.44,42.92,false,OK
TEL-0002964,RU-NYC-01,2026-08-28T01:05:00Z,-20.77,43.2,false,OK
TEL-0002965,RU-NYC-01,2026-08-28T01:10:00Z,-20.43,42.54,false,OK
TEL-0002966,RU-NYC-01,2026-08-28T01:15:00Z,-21.0,41.27,false,OK
TEL-0002967,RU-NYC-01,2026-08-28T01:20:00Z,-20.2,45.91,false,OK
TEL-0002968,RU-NYC-01,2026-08-28T01:25:00Z,-20.13,44.05,false,OK
TEL-0002969,RU-NYC-01,2026-08-28T01:30:00Z,-20.35,44.66,false,OK
TEL-0002970,RU-NYC-01,2026-08-28T01:35:00Z,-20.77,43.88,false,OK
TEL-0002971,RU-NYC-01,2026-08-28T01:40:00Z,-20.19,42.99,false,OK
TEL-0002972,RU-NYC-01,2026-08-28T01:45:00Z,-20.0,41.19,false,OK
TEL-0002973,RU-NYC-01,2026-08-28T01:50:00Z,-21.15,46.38,false,OK
TEL-0002974,RU-NYC-01,2026-08-28T01:55:00Z,-20.24,42.9,false,OK
TEL-0002975,RU-NYC-01,2026-08-28T02:00:00Z,-20.72,41.82,false,OK
TEL-0002976,RU-NYC-01,2026-08-28T02:05:00Z,-20.07,42.86,false,OK
TEL-0002977,RU-NYC-01,2026-08-28T02:10:00Z,-20.67,44.75,false,OK
TEL-0002978,RU-NYC-01,2026-08-28T02:15:00Z,-21.02,44.84,false,OK
TEL-0002979,RU-NYC-01,2026-08-28T02:20:00Z,-20.89,42.5,false,OK
TEL-0002980,RU-NYC-01,2026-08-28T02:25:00Z,-20.34,44.29,false,OK
TEL-0002981,RU-NYC-01,2026-08-28T02:30:00Z,-20.63,44.38,false,OK
TEL-0002982,RU-NYC-01,2026-08-28T02:35:00Z,-20.38,42.32,false,OK
TEL-0002983,RU-NYC-01,2026-08-28T02:40:00Z,-19.84,42.43,false,OK
TEL-0002984,RU-NYC-01,2026-08-28T02:45:00Z,-20.86,43.6,false,OK
TEL-0002985,RU-NYC-01,2026-08-28T02:50:00Z,-20.9,42.69,false,OK
TEL-0002986,RU-NYC-01,2026-08-28T02:55:00Z,-21.1,42.84,false,OK
TEL-0002987,RU-NYC-01,2026-08-28T03:00:00Z,-21.06,44.28,false,OK
TEL-0002988,RU-NYC-01,2026-08-28T03:05:00Z,-20.77,45.73,false,OK
TEL-0002989,RU-NYC-01,2026-08-28T03:10:00Z,-20.23,41.45,false,OK
TEL-0002990,RU-NYC-01,2026-08-28T03:15:00Z,-20.09,43.37,false,OK
TEL-0002991,RU-NYC-01,2026-08-28T03:20:00Z,-20.24,46.29,false,OK
TEL-0002992,RU-NYC-01,2026-08-28T03:25:00Z,-20.03,41.49,false,OK
TEL-0002993,RU-NYC-01,2026-08-28T03:30:00Z,-19.88,42.44,false,OK
TEL-0002994,RU-NYC-01,2026-08-28T03:35:00Z,-20.53,43.39,false,OK
TEL-0002995,RU-NYC-01,2026-08-28T03:40:00Z,-20.59,42.65,false,OK
TEL-0002996,RU-NYC-01,2026-08-28T03:45:00Z,-20.68,46.19,false,OK
TEL-0002997,RU-NYC-01,2026-08-28T03:50:00Z,-21.15,46.99,false,OK
TEL-0002998,RU-NYC-01,2026-08-28T03:55:00Z,-20.51,41.36,false,OK
TEL-0002999,RU-NYC-01,2026-08-28T04:00:00Z,-20.1,45.56,false,OK
TEL-0003000,RU-NYC-01,2026-08-28T04:05:00Z,-20.13,41.87,false,OK
TEL-0003001,RU-NYC-01,2026-08-28T04:10:00Z,-20.79,44.68,false,OK
TEL-0003002,RU-NYC-01,2026-08-28T04:15:00Z,-20.09,41.1,false,OK
TEL-0003003,RU-NYC-01,2026-08-28T04:20:00Z,-19.92,43.19,false,OK
TEL-0003004,RU-NYC-01,2026-08-28T04:25:00Z,-20.27,46.01,false,OK
TEL-0003005,RU-NYC-01,2026-08-28T04:30:00Z,-20.73,42.36,false,OK
TEL-0003006,RU-NYC-01,2026-08-28T04:35:00Z,-20.7,46.14,false,OK
TEL-0003007,RU-NYC-01,2026-08-28T04:40:00Z,-20.47,42.06,false,OK
TEL-0003008,RU-NYC-01,2026-08-28T04:45:00Z,-21.01,46.91,false,OK
TEL-0003009,RU-NYC-01,2026-08-28T04:50:00Z,-20.18,45.04,false,OK
TEL-0003010,RU-NYC-01,2026-08-28T04:55:00Z,-20.13,42.94,false,OK
TEL-0003011,RU-NYC-01,2026-08-28T05:00:00Z,-20.22,43.21,false,OK
TEL-0003012,RU-NYC-01,2026-08-28T05:05:00Z,-20.31,43.3,false,OK
TEL-0003013,RU-NYC-01,2026-08-28T05:10:00Z,-20.48,46.37,false,OK
TEL-0003014,RU-NYC-01,2026-08-28T05:15:00Z,-20.99,43.75,false,OK
TEL-0003015,RU-NYC-01,2026-08-28T05:20:00Z,-20.46,43.34,false,OK
TEL-0003016,RU-NYC-01,2026-08-28T05:25:00Z,-19.86,43.55,false,OK
TEL-0003017,RU-NYC-01,2026-08-28T05:30:00Z,-20.23,45.15,false,OK
TEL-0003018,RU-NYC-01,2026-08-28T05:35:00Z,-20.17,42.03,false,OK
TEL-0003019,RU-NYC-01,2026-08-28T05:40:00Z,-20.95,41.6,false,OK
TEL-0003020,RU-NYC-01,2026-08-28T05:45:00Z,-20.64,46.85,false,OK
TEL-0003021,RU-NYC-01,2026-08-28T05:50:00Z,-20.63,43.85,false,OK
TEL-0003022,RU-NYC-01,2026-08-28T05:55:00Z,-20.66,43.44,false,OK
TEL-0003023,RU-NYC-01,2026-08-28T06:00:00Z,-19.88,46.07,false,OK
TEL-0003024,RU-NYC-01,2026-08-28T06:05:00Z,-20.74,44.64,false,OK
TEL-0003025,RU-NYC-01,2026-08-28T06:10:00Z,-21.1,45.42,false,OK
TEL-0003026,RU-NYC-01,2026-08-28T06:15:00Z,-20.21,45.69,false,OK
TEL-0003027,RU-NYC-01,2026-08-28T06:20:00Z,-19.95,45.35,false,OK
TEL-0003028,RU-NYC-01,2026-08-28T06:25:00Z,-19.95,45.51,false,OK
TEL-0003029,RU-NYC-01,2026-08-28T06:30:00Z,-20.46,41.4,false,OK
TEL-0003030,RU-NYC-01,2026-08-28T06:35:00Z,-21.0,46.26,false,OK
TEL-0003031,RU-NYC-01,2026-08-28T06:40:00Z,-19.97,43.46,false,OK
TEL-0003032,RU-NYC-01,2026-08-28T06:45:00Z,-20.94,41.48,false,OK
TEL-0003033,RU-NYC-01,2026-08-28T06:50:00Z,-20.73,43.61,false,OK
TEL-0003034,RU-NYC-01,2026-08-28T06:55:00Z,-20.91,41.83,false,OK
TEL-0003035,RU-NYC-01,2026-08-28T07:00:00Z,-20.95,41.06,false,OK
TEL-0003036,RU-NYC-01,2026-08-28T07:05:00Z,-20.74,42.25,false,OK
TEL-0003037,RU-NYC-01,2026-08-28T07:10:00Z,-21.06,42.27,false,OK
TEL-0003038,RU-NYC-01,2026-08-28T07:15:00Z,-20.26,45.65,false,OK
TEL-0003039,RU-NYC-01,2026-08-28T07:20:00Z,-20.8,45.53,false,OK
TEL-0003040,RU-NYC-01,2026-08-28T07:25:00Z,-21.15,41.65,false,OK
TEL-0003041,RU-NYC-01,2026-08-28T07:30:00Z,-20.39,43.77,false,OK
TEL-0003042,RU-NYC-01,2026-08-28T07:35:00Z,-19.82,46.71,false,OK
TEL-0003043,RU-NYC-01,2026-08-28T07:40:00Z,-21.09,46.9,false,OK
TEL-0003044,RU-NYC-01,2026-08-28T07:45:00Z,-21.0,41.77,false,OK
TEL-0003045,RU-NYC-01,2026-08-28T07:50:00Z,-20.92,46.29,false,OK
TEL-0003046,RU-NYC-01,2026-08-28T07:55:00Z,-20.44,45.81,false,OK
TEL-0003047,RU-NYC-01,2026-08-28T08:00:00Z,-20.46,43.03,false,OK
TEL-0003048,RU-NYC-01,2026-08-28T08:05:00Z,-20.42,45.83,false,OK
TEL-0003049,RU-NYC-01,2026-08-28T08:10:00Z,-20.27,45.27,false,OK
TEL-0003050,RU-NYC-01,2026-08-28T08:15:00Z,-20.83,43.7,false,OK
TEL-0003051,RU-NYC-01,2026-08-28T08:20:00Z,-20.96,45.27,false,OK
TEL-0003052,RU-NYC-01,2026-08-28T08:25:00Z,-19.95,42.17,false,OK
TEL-0003053,RU-NYC-01,2026-08-28T08:30:00Z,-20.13,43.12,false,OK
TEL-0003054,RU-NYC-01,2026-08-28T08:35:00Z,-20.43,41.65,false,OK
TEL-0003055,RU-NYC-01,2026-08-28T08:40:00Z,-20.25,46.37,false,OK
TEL-0003056,RU-NYC-01,2026-08-28T08:45:00Z,-20.53,42.51,false,OK
TEL-0003057,RU-NYC-01,2026-08-28T08:50:00Z,-19.88,45.78,false,OK
TEL-0003058,RU-NYC-01,2026-08-28T08:55:00Z,-20.86,44.33,false,OK
TEL-0003059,RU-NYC-01,2026-08-28T09:00:00Z,-20.2,41.21,false,OK
TEL-0003060,RU-NYC-01,2026-08-28T09:05:00Z,-20.13,41.08,false,OK
TEL-0003061,RU-NYC-01,2026-08-28T09:10:00Z,-21.12,46.35,false,OK
TEL-0003062,RU-NYC-01,2026-08-28T09:15:00Z,-20.7,46.89,false,OK
TEL-0003063,RU-NYC-01,2026-08-28T09:20:00Z,-20.45,45.55,false,OK
TEL-0003064,RU-NYC-01,2026-08-28T09:25:00Z,-20.28,44.24,false,OK
TEL-0003065,RU-NYC-01,2026-08-28T09:30:00Z,-20.91,43.84,false,OK
TEL-0003066,RU-NYC-01,2026-08-28T09:35:00Z,-20.58,45.03,false,OK
TEL-0003067,RU-NYC-01,2026-08-28T09:40:00Z,-20.54,43.43,false,OK
TEL-0003068,RU-NYC-01,2026-08-28T09:45:00Z,-19.95,44.22,false,OK
TEL-0003069,RU-NYC-01,2026-08-28T09:50:00Z,-20.25,46.21,false,OK
TEL-0003070,RU-NYC-01,2026-08-28T09:55:00Z,-20.49,44.34,false,OK
TEL-0003071,RU-NYC-01,2026-08-28T10:00:00Z,-19.85,41.92,false,OK
TEL-0003072,RU-NYC-01,2026-08-28T10:05:00Z,-21.08,45.75,false,OK
TEL-0003073,RU-NYC-01,2026-08-28T10:10:00Z,-21.08,41.37,false,OK
TEL-0003074,RU-NYC-01,2026-08-28T10:15:00Z,-20.2,41.89,false,OK
TEL-0003075,RU-NYC-01,2026-08-28T10:20:00Z,-19.98,42.21,false,OK
TEL-0003076,RU-NYC-01,2026-08-28T10:25:00Z,-20.02,41.25,true,OK
TEL-0003077,RU-NYC-01,2026-08-28T10:30:00Z,-19.9,45.17,false,OK
TEL-0003078,RU-NYC-01,2026-08-28T10:35:00Z,-21.1,41.89,false,OK
TEL-0003079,RU-NYC-01,2026-08-28T10:40:00Z,-20.48,43.08,false,OK
TEL-0003080,RU-NYC-01,2026-08-28T10:45:00Z,-20.21,42.9,false,OK
TEL-0003081,RU-NYC-01,2026-08-28T10:50:00Z,-20.42,42.07,false,OK
TEL-0003082,RU-NYC-01,2026-08-28T10:55:00Z,-20.57,41.61,false,OK
TEL-0003083,RU-NYC-01,2026-08-28T11:00:00Z,-20.55,42.61,false,OK
TEL-0003084,RU-NYC-01,2026-08-28T11:05:00Z,-20.96,41.71,false,OK
TEL-0003085,RU-NYC-01,2026-08-28T11:10:00Z,-20.46,43.37,false,OK
TEL-0003086,RU-NYC-01,2026-08-28T11:15:00Z,-20.89,42.03,false,OK
TEL-0003087,RU-NYC-01,2026-08-28T11:20:00Z,-20.86,43.22,false,OK
TEL-0003088,RU-NYC-01,2026-08-28T11:25:00Z,-20.15,43.77,false,OK
TEL-0003089,RU-NYC-01,2026-08-28T11:30:00Z,-21.1,43.34,false,OK
TEL-0003090,RU-NYC-01,2026-08-28T11:35:00Z,-20.0,41.04,false,OK
TEL-0003091,RU-NYC-01,2026-08-28T11:40:00Z,-20.12,42.82,false,OK
TEL-0003092,RU-NYC-01,2026-08-28T11:45:00Z,-20.21,42.75,false,OK
TEL-0003093,RU-NYC-01,2026-08-28T11:50:00Z,-21.12,44.65,false,OK
TEL-0003094,RU-NYC-01,2026-08-28T11:55:00Z,-20.48,46.09,false,OK
TEL-0003095,RU-NYC-01,2026-08-28T12:00:00Z,-19.98,44.46,false,OK
TEL-0003096,RU-NYC-01,2026-08-28T12:05:00Z,-20.76,45.46,false,OK
TEL-0003097,RU-NYC-01,2026-08-28T12:10:00Z,-20.96,46.78,false,OK
TEL-0003098,RU-NYC-01,2026-08-28T12:15:00Z,-20.06,46.38,false,OK
TEL-0003099,RU-NYC-01,2026-08-28T12:20:00Z,-20.89,45.82,false,OK
TEL-0003100,RU-NYC-01,2026-08-28T12:25:00Z,-21.17,45.98,false,OK
TEL-0003101,RU-NYC-01,2026-08-28T12:30:00Z,-20.73,41.97,false,OK
TEL-0003102,RU-NYC-01,2026-08-28T12:35:00Z,-20.61,44.6,false,OK
TEL-0003103,RU-NYC-01,2026-08-28T12:40:00Z,-20.61,46.86,false,OK
TEL-0003104,RU-NYC-01,2026-08-28T12:45:00Z,-19.97,45.42,false,OK
TEL-0003105,RU-NYC-01,2026-08-28T12:50:00Z,-20.94,46.93,false,OK
TEL-0003106,RU-NYC-01,2026-08-28T12:55:00Z,-20.74,45.25,false,OK
TEL-0003107,RU-NYC-01,2026-08-28T13:00:00Z,-20.8,42.41,false,OK
TEL-0003108,RU-NYC-01,2026-08-28T13:05:00Z,-20.86,46.78,false,OK
TEL-0003109,RU-NYC-01,2026-08-28T13:10:00Z,-20.93,43.94,false,OK
TEL-0003110,RU-NYC-01,2026-08-28T13:15:00Z,-20.45,42.7,false,OK
TEL-0003111,RU-NYC-01,2026-08-28T13:20:00Z,-20.98,42.64,false,OK
TEL-0003112,RU-NYC-01,2026-08-28T13:25:00Z,-20.9,42.5,false,OK
TEL-0003113,RU-NYC-01,2026-08-28T13:30:00Z,-21.11,45.36,false,OK
TEL-0003114,RU-NYC-01,2026-08-28T13:35:00Z,-19.83,42.76,false,OK
TEL-0003115,RU-NYC-01,2026-08-28T13:40:00Z,-21.06,41.94,false,OK
TEL-0003116,RU-NYC-01,2026-08-28T13:45:00Z,-20.86,41.35,false,OK
TEL-0003117,RU-NYC-01,2026-08-28T13:50:00Z,-21.17,41.24,false,OK
TEL-0003118,RU-NYC-01,2026-08-28T13:55:00Z,-20.01,44.26,false,OK
TEL-0003119,RU-NYC-01,2026-08-28T14:00:00Z,-20.78,44.44,false,OK
TEL-0003120,RU-NYC-01,2026-08-28T14:05:00Z,-20.09,43.32,false,OK
TEL-0003121,RU-NYC-01,2026-08-28T14:10:00Z,-21.07,43.98,false,OK
TEL-0003122,RU-NYC-01,2026-08-28T14:15:00Z,-20.3,43.16,false,OK
TEL-0003123,RU-NYC-01,2026-08-28T14:20:00Z,-21.11,45.41,false,OK
TEL-0003124,RU-NYC-01,2026-08-28T14:25:00Z,-20.44,45.15,false,OK
TEL-0003125,RU-NYC-01,2026-08-28T14:30:00Z,-20.26,43.81,false,OK
TEL-0003126,RU-NYC-01,2026-08-28T14:35:00Z,-19.82,46.31,false,OK
TEL-0003127,RU-NYC-01,2026-08-28T14:40:00Z,-20.1,43.38,false,OK
TEL-0003128,RU-NYC-01,2026-08-28T14:45:00Z,-21.1,42.58,false,OK
TEL-0003129,RU-NYC-01,2026-08-28T14:50:00Z,-20.22,42.57,false,OK
TEL-0003130,RU-NYC-01,2026-08-28T14:55:00Z,-21.18,43.96,false,OK
TEL-0003131,RU-NYC-01,2026-08-28T15:00:00Z,-20.39,41.38,false,OK
TEL-0003132,RU-NYC-01,2026-08-28T15:05:00Z,-20.79,42.32,false,OK
TEL-0003133,RU-NYC-01,2026-08-28T15:10:00Z,-21.04,46.16,false,OK
TEL-0003134,RU-NYC-01,2026-08-28T15:15:00Z,-20.42,42.31,false,OK
TEL-0003135,RU-NYC-01,2026-08-28T15:20:00Z,-20.83,45.75,false,OK
TEL-0003136,RU-NYC-01,2026-08-28T15:25:00Z,-20.66,45.25,false,OK
TEL-0003137,RU-NYC-01,2026-08-28T15:30:00Z,-20.92,42.88,false,OK
TEL-0003138,RU-NYC-01,2026-08-28T15:35:00Z,-20.01,45.31,false,OK
TEL-0003139,RU-NYC-01,2026-08-28T15:40:00Z,-20.28,42.8,false,OK
TEL-0003140,RU-NYC-01,2026-08-28T15:45:00Z,-20.73,46.81,false,OK
TEL-0003141,RU-NYC-01,2026-08-28T15:50:00Z,-20.88,41.74,false,OK
TEL-0003142,RU-NYC-01,2026-08-28T15:55:00Z,-20.5,41.82,false,OK
TEL-0003143,RU-NYC-01,2026-08-28T16:00:00Z,-20.34,41.43,false,OK
TEL-0003144,RU-NYC-01,2026-08-28T16:05:00Z,-20.38,46.44,false,OK
TEL-0003145,RU-NYC-01,2026-08-28T16:10:00Z,-19.84,42.01,false,OK
TEL-0003146,RU-NYC-01,2026-08-28T16:15:00Z,-20.21,43.76,false,OK
TEL-0003147,RU-NYC-01,2026-08-28T16:20:00Z,-20.01,45.55,false,OK
TEL-0003148,RU-NYC-01,2026-08-28T16:25:00Z,-20.67,43.28,false,OK
TEL-0003149,RU-NYC-01,2026-08-28T16:30:00Z,-20.9,46.4,false,OK
TEL-0003150,RU-NYC-01,2026-08-28T16:35:00Z,-20.28,45.04,false,OK
TEL-0003151,RU-NYC-01,2026-08-28T16:40:00Z,-21.14,43.87,false,OK
TEL-0003152,RU-NYC-01,2026-08-28T16:45:00Z,-21.1,45.56,false,OK
TEL-0003153,RU-NYC-01,2026-08-28T16:50:00Z,-19.93,45.28,false,OK
TEL-0003154,RU-NYC-01,2026-08-28T16:55:00Z,-20.27,44.46,false,OK
TEL-0003155,RU-NYC-01,2026-08-28T17:00:00Z,-20.65,42.7,false,OK
TEL-0003156,RU-NYC-01,2026-08-28T17:05:00Z,-20.26,42.77,false,OK
TEL-0003157,RU-NYC-01,2026-08-28T17:10:00Z,-20.23,41.55,false,OK
TEL-0003158,RU-NYC-01,2026-08-28T17:15:00Z,-20.25,45.29,false,OK
TEL-0003159,RU-NYC-01,2026-08-28T17:20:00Z,-20.68,45.47,false,OK
TEL-0003160,RU-NYC-01,2026-08-28T17:25:00Z,-19.93,45.8,false,OK
TEL-0003161,RU-NYC-01,2026-08-28T17:30:00Z,-20.01,44.2,false,OK
TEL-0003162,RU-NYC-01,2026-08-28T17:35:00Z,-21.11,45.3,false,OK
TEL-0003163,RU-NYC-01,2026-08-28T17:40:00Z,-21.09,46.05,false,OK
TEL-0003164,RU-NYC-01,2026-08-28T17:45:00Z,-19.81,42.62,false,OK
TEL-0003165,RU-NYC-01,2026-08-28T17:50:00Z,-20.67,45.67,false,OK
TEL-0003166,RU-NYC-01,2026-08-28T17:55:00Z,-21.08,43.58,false,OK
TEL-0003167,RU-NYC-01,2026-08-28T18:00:00Z,-21.03,43.41,false,OK
TEL-0003168,RU-NYC-01,2026-08-28T18:05:00Z,-20.57,44.55,false,OK
TEL-0003169,RU-NYC-01,2026-08-28T18:10:00Z,-20.26,41.73,false,OK
TEL-0003170,RU-NYC-01,2026-08-28T18:15:00Z,-20.03,45.28,false,OK
TEL-0003171,RU-NYC-01,2026-08-28T18:20:00Z,-21.14,45.72,false,OK
TEL-0003172,RU-NYC-01,2026-08-28T18:25:00Z,-21.1,45.97,false,OK
TEL-0003173,RU-NYC-01,2026-08-28T18:30:00Z,-19.88,42.67,false,OK
TEL-0003174,RU-NYC-01,2026-08-28T18:35:00Z,-20.54,42.93,false,OK
TEL-0003175,RU-NYC-01,2026-08-28T18:40:00Z,-20.97,46.48,false,OK
TEL-0003176,RU-NYC-01,2026-08-28T18:45:00Z,-20.34,43.48,false,OK
TEL-0003177,RU-NYC-01,2026-08-28T18:50:00Z,-21.03,42.09,false,OK
TEL-0003178,RU-NYC-01,2026-08-28T18:55:00Z,-20.94,42.56,false,OK
TEL-0003179,RU-NYC-01,2026-08-28T19:00:00Z,-20.62,46.7,false,OK
TEL-0003180,RU-NYC-02,2026-08-27T19:00:00Z,-20.58,45.94,false,OK
TEL-0003181,RU-NYC-02,2026-08-27T19:05:00Z,-19.94,41.86,false,OK
TEL-0003182,RU-NYC-02,2026-08-27T19:10:00Z,-20.76,43.71,false,OK
TEL-0003183,RU-NYC-02,2026-08-27T19:15:00Z,-21.02,46.05,false,OK
TEL-0003184,RU-NYC-02,2026-08-27T19:20:00Z,-20.22,45.55,false,OK
TEL-0003185,RU-NYC-02,2026-08-27T19:25:00Z,-20.12,44.87,false,OK
TEL-0003186,RU-NYC-02,2026-08-27T19:30:00Z,-20.79,42.48,false,OK
TEL-0003187,RU-NYC-02,2026-08-27T19:35:00Z,-21.05,43.25,false,OK
TEL-0003188,RU-NYC-02,2026-08-27T19:40:00Z,-21.2,46.17,false,OK
TEL-0003189,RU-NYC-02,2026-08-27T19:45:00Z,-21.07,45.45,false,OK
TEL-0003190,RU-NYC-02,2026-08-27T19:50:00Z,-20.3,44.36,false,OK
TEL-0003191,RU-NYC-02,2026-08-27T19:55:00Z,-20.72,45.0,false,OK
TEL-0003192,RU-NYC-02,2026-08-27T20:00:00Z,-20.11,42.76,false,OK
TEL-0003193,RU-NYC-02,2026-08-27T20:05:00Z,-21.04,42.39,false,OK
TEL-0003194,RU-NYC-02,2026-08-27T20:10:00Z,-20.18,46.38,false,OK
TEL-0003195,RU-NYC-02,2026-08-27T20:15:00Z,-20.12,44.8,false,OK
TEL-0003196,RU-NYC-02,2026-08-27T20:20:00Z,-20.44,45.45,false,OK
TEL-0003197,RU-NYC-02,2026-08-27T20:25:00Z,-20.57,43.62,false,OK
TEL-0003198,RU-NYC-02,2026-08-27T20:30:00Z,-20.07,44.67,false,OK
TEL-0003199,RU-NYC-02,2026-08-27T20:35:00Z,-20.52,44.01,false,OK
TEL-0003200,RU-NYC-02,2026-08-27T20:40:00Z,-21.09,46.99,false,OK
TEL-0003201,RU-NYC-02,2026-08-27T20:45:00Z,-20.54,41.15,false,OK
TEL-0003202,RU-NYC-02,2026-08-27T20:50:00Z,-20.04,46.79,false,OK
TEL-0003203,RU-NYC-02,2026-08-27T20:55:00Z,-20.22,46.12,false,OK
TEL-0003204,RU-NYC-02,2026-08-27T21:00:00Z,-20.07,43.21,false,OK
TEL-0003205,RU-NYC-02,2026-08-27T21:05:00Z,-19.96,41.01,false,OK
TEL-0003206,RU-NYC-02,2026-08-27T21:10:00Z,-20.99,41.25,false,OK
TEL-0003207,RU-NYC-02,2026-08-27T21:15:00Z,-20.41,45.28,false,OK
TEL-0003208,RU-NYC-02,2026-08-27T21:20:00Z,-19.88,41.39,false,OK
TEL-0003209,RU-NYC-02,2026-08-27T21:25:00Z,-19.81,41.49,false,OK
TEL-0003210,RU-NYC-02,2026-08-27T21:30:00Z,-19.82,44.74,false,OK
TEL-0003211,RU-NYC-02,2026-08-27T21:35:00Z,-20.9,42.27,true,OK
TEL-0003212,RU-NYC-02,2026-08-27T21:40:00Z,-21.14,43.57,false,OK
TEL-0003213,RU-NYC-02,2026-08-27T21:45:00Z,-20.94,45.59,false,OK
TEL-0003214,RU-NYC-02,2026-08-27T21:50:00Z,-20.28,46.56,false,OK
TEL-0003215,RU-NYC-02,2026-08-27T21:55:00Z,-20.82,41.85,false,OK
TEL-0003216,RU-NYC-02,2026-08-27T22:00:00Z,-20.85,43.99,false,OK
TEL-0003217,RU-NYC-02,2026-08-27T22:05:00Z,-21.17,45.15,false,OK
TEL-0003218,RU-NYC-02,2026-08-27T22:10:00Z,-20.37,45.72,false,OK
TEL-0003219,RU-NYC-02,2026-08-27T22:15:00Z,-21.17,41.3,false,OK
TEL-0003220,RU-NYC-02,2026-08-27T22:20:00Z,-20.37,41.16,false,OK
TEL-0003221,RU-NYC-02,2026-08-27T22:25:00Z,-20.17,43.1,true,OK
TEL-0003222,RU-NYC-02,2026-08-27T22:30:00Z,-21.2,41.92,false,OK
TEL-0003223,RU-NYC-02,2026-08-27T22:35:00Z,-20.21,45.57,false,OK
TEL-0003224,RU-NYC-02,2026-08-27T22:40:00Z,-20.22,46.83,true,OK
TEL-0003225,RU-NYC-02,2026-08-27T22:45:00Z,-20.19,44.68,false,OK
TEL-0003226,RU-NYC-02,2026-08-27T22:50:00Z,-20.31,41.96,false,OK
TEL-0003227,RU-NYC-02,2026-08-27T22:55:00Z,-20.56,41.3,false,OK
TEL-0003228,RU-NYC-02,2026-08-27T23:00:00Z,-20.83,45.64,false,OK
TEL-0003229,RU-NYC-02,2026-08-27T23:05:00Z,-20.54,42.15,false,OK
TEL-0003230,RU-NYC-02,2026-08-27T23:10:00Z,-20.37,43.7,false,OK
TEL-0003231,RU-NYC-02,2026-08-27T23:15:00Z,-20.79,41.09,false,OK
TEL-0003232,RU-NYC-02,2026-08-27T23:20:00Z,-19.99,43.58,false,OK
TEL-0003233,RU-NYC-02,2026-08-27T23:25:00Z,-19.95,44.52,false,OK
TEL-0003234,RU-NYC-02,2026-08-27T23:30:00Z,-20.74,45.88,false,OK
TEL-0003235,RU-NYC-02,2026-08-27T23:35:00Z,-20.06,42.11,false,OK
TEL-0003236,RU-NYC-02,2026-08-27T23:40:00Z,-21.09,42.8,false,OK
TEL-0003237,RU-NYC-02,2026-08-27T23:45:00Z,-20.91,42.02,false,OK
TEL-0003238,RU-NYC-02,2026-08-27T23:50:00Z,-20.25,46.01,false,OK
TEL-0003239,RU-NYC-02,2026-08-27T23:55:00Z,-20.11,46.57,false,OK
TEL-0003240,RU-NYC-02,2026-08-28T00:00:00Z,-20.6,42.24,false,OK
TEL-0003241,RU-NYC-02,2026-08-28T00:05:00Z,-20.14,45.99,false,OK
TEL-0003242,RU-NYC-02,2026-08-28T00:10:00Z,-20.56,46.61,false,OK
TEL-0003243,RU-NYC-02,2026-08-28T00:15:00Z,-21.05,45.33,false,OK
TEL-0003244,RU-NYC-02,2026-08-28T00:20:00Z,-20.34,42.12,false,OK
TEL-0003245,RU-NYC-02,2026-08-28T00:25:00Z,-19.98,45.19,false,OK
TEL-0003246,RU-NYC-02,2026-08-28T00:30:00Z,-21.19,41.68,false,OK
TEL-0003247,RU-NYC-02,2026-08-28T00:35:00Z,-20.64,46.03,false,OK
TEL-0003248,RU-NYC-02,2026-08-28T00:40:00Z,-20.7,43.79,false,OK
TEL-0003249,RU-NYC-02,2026-08-28T00:45:00Z,-20.03,42.37,false,OK
TEL-0003250,RU-NYC-02,2026-08-28T00:50:00Z,-21.03,41.53,false,OK
TEL-0003251,RU-NYC-02,2026-08-28T00:55:00Z,-20.88,43.67,false,OK
TEL-0003252,RU-NYC-02,2026-08-28T01:00:00Z,-20.12,44.83,false,OK
TEL-0003253,RU-NYC-02,2026-08-28T01:05:00Z,-20.08,41.62,false,OK
TEL-0003254,RU-NYC-02,2026-08-28T01:10:00Z,-19.97,46.84,false,OK
TEL-0003255,RU-NYC-02,2026-08-28T01:15:00Z,-20.9,43.03,false,OK
TEL-0003256,RU-NYC-02,2026-08-28T01:20:00Z,-19.84,45.27,false,OK
TEL-0003257,RU-NYC-02,2026-08-28T01:25:00Z,-20.9,45.5,false,OK
TEL-0003258,RU-NYC-02,2026-08-28T01:30:00Z,-20.59,42.95,false,OK
TEL-0003259,RU-NYC-02,2026-08-28T01:35:00Z,-21.17,44.37,false,OK
TEL-0003260,RU-NYC-02,2026-08-28T01:40:00Z,-21.15,46.25,false,OK
TEL-0003261,RU-NYC-02,2026-08-28T01:45:00Z,-20.58,42.44,false,OK
TEL-0003262,RU-NYC-02,2026-08-28T01:50:00Z,-19.92,45.77,false,OK
TEL-0003263,RU-NYC-02,2026-08-28T01:55:00Z,-20.65,46.56,false,OK
TEL-0003264,RU-NYC-02,2026-08-28T02:00:00Z,-20.15,45.54,false,OK
TEL-0003265,RU-NYC-02,2026-08-28T02:05:00Z,-20.09,44.23,false,OK
TEL-0003266,RU-NYC-02,2026-08-28T02:10:00Z,-20.5,46.62,false,OK
TEL-0003267,RU-NYC-02,2026-08-28T02:15:00Z,-20.09,43.58,false,OK
TEL-0003268,RU-NYC-02,2026-08-28T02:20:00Z,-20.97,41.58,false,OK
TEL-0003269,RU-NYC-02,2026-08-28T02:25:00Z,-20.19,43.63,false,OK
TEL-0003270,RU-NYC-02,2026-08-28T02:30:00Z,-20.44,41.41,false,OK
TEL-0003271,RU-NYC-02,2026-08-28T02:35:00Z,-20.71,41.47,false,OK
TEL-0003272,RU-NYC-02,2026-08-28T02:40:00Z,-20.28,42.7,false,OK
TEL-0003273,RU-NYC-02,2026-08-28T02:45:00Z,-20.58,46.32,false,OK
TEL-0003274,RU-NYC-02,2026-08-28T02:50:00Z,-19.95,46.34,false,OK
TEL-0003275,RU-NYC-02,2026-08-28T02:55:00Z,-20.09,45.67,false,OK
TEL-0003276,RU-NYC-02,2026-08-28T03:00:00Z,-20.26,43.38,false,OK
TEL-0003277,RU-NYC-02,2026-08-28T03:05:00Z,-20.21,42.72,false,OK
TEL-0003278,RU-NYC-02,2026-08-28T03:10:00Z,-20.16,45.01,false,OK
TEL-0003279,RU-NYC-02,2026-08-28T03:15:00Z,-20.66,45.88,false,OK
TEL-0003280,RU-NYC-02,2026-08-28T03:20:00Z,-20.86,44.62,false,OK
TEL-0003281,RU-NYC-02,2026-08-28T03:25:00Z,-19.8,43.98,false,OK
TEL-0003282,RU-NYC-02,2026-08-28T03:30:00Z,-20.65,46.28,false,OK
TEL-0003283,RU-NYC-02,2026-08-28T03:35:00Z,-20.47,45.01,false,OK
TEL-0003284,RU-NYC-02,2026-08-28T03:40:00Z,-21.04,42.85,false,OK
TEL-0003285,RU-NYC-02,2026-08-28T03:45:00Z,-20.03,45.59,false,OK
TEL-0003286,RU-NYC-02,2026-08-28T03:50:00Z,-21.07,44.12,false,OK
TEL-0003287,RU-NYC-02,2026-08-28T03:55:00Z,-20.92,43.33,false,OK
TEL-0003288,RU-NYC-02,2026-08-28T04:00:00Z,-20.62,42.29,false,OK
TEL-0003289,RU-NYC-02,2026-08-28T04:05:00Z,-20.4,43.55,false,OK
TEL-0003290,RU-NYC-02,2026-08-28T04:10:00Z,-20.14,42.87,false,OK
TEL-0003291,RU-NYC-02,2026-08-28T04:15:00Z,-21.06,41.63,false,OK
TEL-0003292,RU-NYC-02,2026-08-28T04:20:00Z,-20.74,42.5,false,OK
TEL-0003293,RU-NYC-02,2026-08-28T04:25:00Z,-20.66,46.51,false,OK
TEL-0003294,RU-NYC-02,2026-08-28T04:30:00Z,-19.92,45.9,false,OK
TEL-0003295,RU-NYC-02,2026-08-28T04:35:00Z,-20.35,43.89,false,OK
TEL-0003296,RU-NYC-02,2026-08-28T04:40:00Z,-19.91,45.64,false,OK
TEL-0003297,RU-NYC-02,2026-08-28T04:45:00Z,-20.02,46.86,false,OK
TEL-0003298,RU-NYC-02,2026-08-28T04:50:00Z,-20.03,41.18,false,OK
TEL-0003299,RU-NYC-02,2026-08-28T04:55:00Z,-20.7,42.16,false,OK
TEL-0003300,RU-NYC-02,2026-08-28T05:00:00Z,-21.16,42.68,false,OK
TEL-0003301,RU-NYC-02,2026-08-28T05:05:00Z,-20.71,42.39,false,OK
TEL-0003302,RU-NYC-02,2026-08-28T05:10:00Z,-20.13,44.34,false,OK
TEL-0003303,RU-NYC-02,2026-08-28T05:15:00Z,-20.36,44.44,false,OK
TEL-0003304,RU-NYC-02,2026-08-28T05:20:00Z,-21.15,41.65,false,OK
TEL-0003305,RU-NYC-02,2026-08-28T05:25:00Z,-20.74,45.07,false,OK
TEL-0003306,RU-NYC-02,2026-08-28T05:30:00Z,-20.23,44.31,false,OK
TEL-0003307,RU-NYC-02,2026-08-28T05:35:00Z,-20.61,45.31,false,OK
TEL-0003308,RU-NYC-02,2026-08-28T05:40:00Z,-21.06,43.02,false,OK
TEL-0003309,RU-NYC-02,2026-08-28T05:45:00Z,-21.09,45.3,false,OK
TEL-0003310,RU-NYC-02,2026-08-28T05:50:00Z,-20.5,46.76,false,OK
TEL-0003311,RU-NYC-02,2026-08-28T05:55:00Z,-20.87,46.61,false,OK
TEL-0003312,RU-NYC-02,2026-08-28T06:00:00Z,-21.09,44.16,false,OK
TEL-0003313,RU-NYC-02,2026-08-28T06:05:00Z,-21.13,46.49,false,OK
TEL-0003314,RU-NYC-02,2026-08-28T06:10:00Z,-20.08,45.74,false,OK
TEL-0003315,RU-NYC-02,2026-08-28T06:15:00Z,-20.81,41.37,false,OK
TEL-0003316,RU-NYC-02,2026-08-28T06:20:00Z,-20.23,44.86,false,OK
TEL-0003317,RU-NYC-02,2026-08-28T06:25:00Z,-20.7,45.89,false,OK
TEL-0003318,RU-NYC-02,2026-08-28T06:30:00Z,-20.39,42.34,false,OK
TEL-0003319,RU-NYC-02,2026-08-28T06:35:00Z,-20.81,46.39,false,OK
TEL-0003320,RU-NYC-02,2026-08-28T06:40:00Z,-20.59,42.71,false,OK
TEL-0003321,RU-NYC-02,2026-08-28T06:45:00Z,-19.94,45.19,false,OK
TEL-0003322,RU-NYC-02,2026-08-28T06:50:00Z,-20.98,41.42,false,OK
TEL-0003323,RU-NYC-02,2026-08-28T06:55:00Z,-21.05,42.93,false,OK
TEL-0003324,RU-NYC-02,2026-08-28T07:00:00Z,-20.86,42.79,false,OK
TEL-0003325,RU-NYC-02,2026-08-28T07:05:00Z,-20.29,43.54,false,OK
TEL-0003326,RU-NYC-02,2026-08-28T07:10:00Z,-20.84,41.14,false,OK
TEL-0003327,RU-NYC-02,2026-08-28T07:15:00Z,-20.62,45.99,false,OK
TEL-0003328,RU-NYC-02,2026-08-28T07:20:00Z,-20.13,41.87,false,OK
TEL-0003329,RU-NYC-02,2026-08-28T07:25:00Z,-19.86,43.39,false,OK
TEL-0003330,RU-NYC-02,2026-08-28T07:30:00Z,-20.91,45.37,false,OK
TEL-0003331,RU-NYC-02,2026-08-28T07:35:00Z,-20.38,42.24,false,OK
TEL-0003332,RU-NYC-02,2026-08-28T07:40:00Z,-20.11,45.68,false,OK
TEL-0003333,RU-NYC-02,2026-08-28T07:45:00Z,-20.35,45.01,false,OK
TEL-0003334,RU-NYC-02,2026-08-28T07:50:00Z,-20.58,46.6,false,OK
TEL-0003335,RU-NYC-02,2026-08-28T07:55:00Z,-20.47,42.13,false,OK
TEL-0003336,RU-NYC-02,2026-08-28T08:00:00Z,-20.59,46.27,false,OK
TEL-0003337,RU-NYC-02,2026-08-28T08:05:00Z,-20.05,44.01,false,OK
TEL-0003338,RU-NYC-02,2026-08-28T08:10:00Z,-20.93,41.92,false,OK
TEL-0003339,RU-NYC-02,2026-08-28T08:15:00Z,-21.05,44.64,false,OK
TEL-0003340,RU-NYC-02,2026-08-28T08:20:00Z,-20.22,45.99,false,OK
TEL-0003341,RU-NYC-02,2026-08-28T08:25:00Z,-20.5,44.97,false,OK
TEL-0003342,RU-NYC-02,2026-08-28T08:30:00Z,-20.89,44.06,false,OK
TEL-0003343,RU-NYC-02,2026-08-28T08:35:00Z,-20.81,45.62,false,OK
TEL-0003344,RU-NYC-02,2026-08-28T08:40:00Z,-20.47,46.98,false,OK
TEL-0003345,RU-NYC-02,2026-08-28T08:45:00Z,-20.77,44.84,false,OK
TEL-0003346,RU-NYC-02,2026-08-28T08:50:00Z,-19.88,41.13,false,OK
TEL-0003347,RU-NYC-02,2026-08-28T08:55:00Z,-19.84,44.87,false,OK
TEL-0003348,RU-NYC-02,2026-08-28T09:00:00Z,-20.12,41.79,false,OK
TEL-0003349,RU-NYC-02,2026-08-28T09:05:00Z,-20.06,41.04,false,OK
TEL-0003350,RU-NYC-02,2026-08-28T09:10:00Z,-20.9,45.34,false,OK
TEL-0003351,RU-NYC-02,2026-08-28T09:15:00Z,-20.92,44.69,false,OK
TEL-0003352,RU-NYC-02,2026-08-28T09:20:00Z,-21.04,43.18,false,OK
TEL-0003353,RU-NYC-02,2026-08-28T09:25:00Z,-21.07,42.96,false,OK
TEL-0003354,RU-NYC-02,2026-08-28T09:30:00Z,-20.37,45.73,false,OK
TEL-0003355,RU-NYC-02,2026-08-28T09:35:00Z,-20.14,45.86,false,OK
TEL-0003356,RU-NYC-02,2026-08-28T09:40:00Z,-20.49,46.75,false,OK
TEL-0003357,RU-NYC-02,2026-08-28T09:45:00Z,-20.79,46.92,false,OK
TEL-0003358,RU-NYC-02,2026-08-28T09:50:00Z,-21.18,42.3,false,OK
TEL-0003359,RU-NYC-02,2026-08-28T09:55:00Z,-20.52,41.91,false,OK
TEL-0003360,RU-NYC-02,2026-08-28T10:00:00Z,-20.3,44.82,false,OK
TEL-0003361,RU-NYC-02,2026-08-28T10:05:00Z,-21.2,44.81,false,OK
TEL-0003362,RU-NYC-02,2026-08-28T10:10:00Z,-20.73,45.51,false,OK
TEL-0003363,RU-NYC-02,2026-08-28T10:15:00Z,-20.92,45.51,false,OK
TEL-0003364,RU-NYC-02,2026-08-28T10:20:00Z,-20.14,44.41,false,OK
TEL-0003365,RU-NYC-02,2026-08-28T10:25:00Z,-20.93,41.67,false,OK
TEL-0003366,RU-NYC-02,2026-08-28T10:30:00Z,-20.16,41.7,false,OK
TEL-0003367,RU-NYC-02,2026-08-28T10:35:00Z,-20.94,45.9,false,OK
TEL-0003368,RU-NYC-02,2026-08-28T10:40:00Z,-20.64,41.03,false,OK
TEL-0003369,RU-NYC-02,2026-08-28T10:45:00Z,-20.88,45.78,false,OK
TEL-0003370,RU-NYC-02,2026-08-28T10:50:00Z,-20.72,41.59,false,OK
TEL-0003371,RU-NYC-02,2026-08-28T10:55:00Z,-20.37,46.19,false,OK
TEL-0003372,RU-NYC-02,2026-08-28T11:00:00Z,-20.42,45.14,false,OK
TEL-0003373,RU-NYC-02,2026-08-28T11:05:00Z,-20.18,41.23,false,OK
TEL-0003374,RU-NYC-02,2026-08-28T11:10:00Z,-20.23,45.92,false,OK
TEL-0003375,RU-NYC-02,2026-08-28T11:15:00Z,-19.99,43.33,false,OK
TEL-0003376,RU-NYC-02,2026-08-28T11:20:00Z,-20.1,41.43,false,OK
TEL-0003377,RU-NYC-02,2026-08-28T11:25:00Z,-20.67,43.45,false,OK
TEL-0003378,RU-NYC-02,2026-08-28T11:30:00Z,-20.14,46.31,false,OK
TEL-0003379,RU-NYC-02,2026-08-28T11:35:00Z,-20.57,41.66,false,OK
TEL-0003380,RU-NYC-02,2026-08-28T11:40:00Z,-19.83,46.66,false,OK
TEL-0003381,RU-NYC-02,2026-08-28T11:45:00Z,-20.66,46.94,false,OK
TEL-0003382,RU-NYC-02,2026-08-28T11:50:00Z,-20.09,44.44,false,OK
TEL-0003383,RU-NYC-02,2026-08-28T11:55:00Z,-20.9,44.39,false,OK
TEL-0003384,RU-NYC-02,2026-08-28T12:00:00Z,-20.18,43.57,false,OK
TEL-0003385,RU-NYC-02,2026-08-28T12:05:00Z,-20.38,43.91,false,OK
TEL-0003386,RU-NYC-02,2026-08-28T12:10:00Z,-20.76,44.25,false,OK
TEL-0003387,RU-NYC-02,2026-08-28T12:15:00Z,-20.53,43.09,false,OK
TEL-0003388,RU-NYC-02,2026-08-28T12:20:00Z,-20.45,45.64,false,OK
TEL-0003389,RU-NYC-02,2026-08-28T12:25:00Z,-19.85,41.07,false,OK
TEL-0003390,RU-NYC-02,2026-08-28T12:30:00Z,-19.89,42.47,false,OK
TEL-0003391,RU-NYC-02,2026-08-28T12:35:00Z,-19.9,43.26,false,OK
TEL-0003392,RU-NYC-02,2026-08-28T12:40:00Z,-21.12,44.56,false,OK
TEL-0003393,RU-NYC-02,2026-08-28T12:45:00Z,-20.86,44.64,false,OK
TEL-0003394,RU-NYC-02,2026-08-28T12:50:00Z,-20.95,45.86,false,OK
TEL-0003395,RU-NYC-02,2026-08-28T12:55:00Z,-20.16,44.15,false,OK
TEL-0003396,RU-NYC-02,2026-08-28T13:00:00Z,-19.82,42.7,false,OK
TEL-0003397,RU-NYC-02,2026-08-28T13:05:00Z,-20.31,45.3,false,OK
TEL-0003398,RU-NYC-02,2026-08-28T13:10:00Z,-20.06,43.14,false,OK
TEL-0003399,RU-NYC-02,2026-08-28T13:15:00Z,-21.09,44.84,false,OK
TEL-0003400,RU-NYC-02,2026-08-28T13:20:00Z,-20.59,43.83,false,OK
TEL-0003401,RU-NYC-02,2026-08-28T13:25:00Z,-20.25,45.69,false,OK
TEL-0003402,RU-NYC-02,2026-08-28T13:30:00Z,-20.34,45.2,false,OK
TEL-0003403,RU-NYC-02,2026-08-28T13:35:00Z,-20.13,45.26,false,OK
TEL-0003404,RU-NYC-02,2026-08-28T13:40:00Z,-20.94,42.39,false,OK
TEL-0003405,RU-NYC-02,2026-08-28T13:45:00Z,-21.16,41.67,false,OK
TEL-0003406,RU-NYC-02,2026-08-28T13:50:00Z,-19.83,46.08,false,OK
TEL-0003407,RU-NYC-02,2026-08-28T13:55:00Z,-20.43,42.3,false,OK
TEL-0003408,RU-NYC-02,2026-08-28T14:00:00Z,-20.7,44.4,false,OK
TEL-0003409,RU-NYC-02,2026-08-28T14:05:00Z,-20.67,41.66,false,OK
TEL-0003410,RU-NYC-02,2026-08-28T14:10:00Z,-20.03,46.93,false,OK
TEL-0003411,RU-NYC-02,2026-08-28T14:15:00Z,-19.87,41.03,false,OK
TEL-0003412,RU-NYC-02,2026-08-28T14:20:00Z,-21.0,43.51,false,OK
TEL-0003413,RU-NYC-02,2026-08-28T14:25:00Z,-19.9,45.57,false,OK
TEL-0003414,RU-NYC-02,2026-08-28T14:30:00Z,-20.12,46.49,false,OK
TEL-0003415,RU-NYC-02,2026-08-28T14:35:00Z,-20.2,43.52,false,OK
TEL-0003416,RU-NYC-02,2026-08-28T14:40:00Z,-20.04,43.1,false,OK
TEL-0003417,RU-NYC-02,2026-08-28T14:45:00Z,-20.2,43.11,false,OK
TEL-0003418,RU-NYC-02,2026-08-28T14:50:00Z,-20.04,41.5,false,OK
TEL-0003419,RU-NYC-02,2026-08-28T14:55:00Z,-20.37,43.95,false,OK
TEL-0003420,RU-NYC-02,2026-08-28T15:00:00Z,-21.16,43.68,false,OK
TEL-0003421,RU-NYC-02,2026-08-28T15:05:00Z,-20.44,44.28,false,OK
TEL-0003422,RU-NYC-02,2026-08-28T15:10:00Z,-21.08,45.18,false,OK
TEL-0003423,RU-NYC-02,2026-08-28T15:15:00Z,-20.82,44.09,false,OK
TEL-0003424,RU-NYC-02,2026-08-28T15:20:00Z,-19.84,46.22,false,OK
TEL-0003425,RU-NYC-02,2026-08-28T15:25:00Z,-21.11,46.94,false,OK
TEL-0003426,RU-NYC-02,2026-08-28T15:30:00Z,-20.1,41.85,false,OK
TEL-0003427,RU-NYC-02,2026-08-28T15:35:00Z,-20.79,45.89,false,OK
TEL-0003428,RU-NYC-02,2026-08-28T15:40:00Z,-20.91,44.09,false,OK
TEL-0003429,RU-NYC-02,2026-08-28T15:45:00Z,-20.37,42.79,false,OK
TEL-0003430,RU-NYC-02,2026-08-28T15:50:00Z,-20.81,43.27,false,OK
TEL-0003431,RU-NYC-02,2026-08-28T15:55:00Z,-20.1,43.97,false,OK
TEL-0003432,RU-NYC-02,2026-08-28T16:00:00Z,-19.94,41.54,false,OK
TEL-0003433,RU-NYC-02,2026-08-28T16:05:00Z,-20.53,41.29,false,OK
TEL-0003434,RU-NYC-02,2026-08-28T16:10:00Z,-20.56,44.28,false,OK
TEL-0003435,RU-NYC-02,2026-08-28T16:15:00Z,-21.0,45.42,false,OK
TEL-0003436,RU-NYC-02,2026-08-28T16:20:00Z,-20.52,45.04,false,OK
TEL-0003437,RU-NYC-02,2026-08-28T16:25:00Z,-20.02,45.98,false,OK
TEL-0003438,RU-NYC-02,2026-08-28T16:30:00Z,-20.46,44.96,false,OK
TEL-0003439,RU-NYC-02,2026-08-28T16:35:00Z,-20.1,44.03,false,OK
TEL-0003440,RU-NYC-02,2026-08-28T16:40:00Z,-20.43,46.45,false,OK
TEL-0003441,RU-NYC-02,2026-08-28T16:45:00Z,-19.89,42.06,false,OK
TEL-0003442,RU-NYC-02,2026-08-28T16:50:00Z,-20.05,43.24,false,OK
TEL-0003443,RU-NYC-02,2026-08-28T16:55:00Z,-21.1,42.63,false,OK
TEL-0003444,RU-NYC-02,2026-08-28T17:00:00Z,-19.88,44.52,false,OK
TEL-0003445,RU-NYC-02,2026-08-28T17:05:00Z,-20.4,44.0,false,OK
TEL-0003446,RU-NYC-02,2026-08-28T17:10:00Z,-21.11,42.99,false,OK
TEL-0003447,RU-NYC-02,2026-08-28T17:15:00Z,-20.61,44.31,false,OK
TEL-0003448,RU-NYC-02,2026-08-28T17:20:00Z,-20.35,46.71,false,OK
TEL-0003449,RU-NYC-02,2026-08-28T17:25:00Z,-20.07,42.36,false,OK
TEL-0003450,RU-NYC-02,2026-08-28T17:30:00Z,-21.15,41.93,false,OK
TEL-0003451,RU-NYC-02,2026-08-28T17:35:00Z,-20.36,44.2,false,OK
TEL-0003452,RU-NYC-02,2026-08-28T17:40:00Z,-20.25,46.05,false,OK
TEL-0003453,RU-NYC-02,2026-08-28T17:45:00Z,-20.16,46.59,false,OK
TEL-0003454,RU-NYC-02,2026-08-28T17:50:00Z,-20.74,42.9,false,OK
TEL-0003455,RU-NYC-02,2026-08-28T17:55:00Z,-20.62,46.2,false,OK
TEL-0003456,RU-NYC-02,2026-08-28T18:00:00Z,-19.82,46.16,false,OK
TEL-0003457,RU-NYC-02,2026-08-28T18:05:00Z,-20.77,44.91,false,OK
TEL-0003458,RU-NYC-02,2026-08-28T18:10:00Z,-19.99,42.55,false,OK
TEL-0003459,RU-NYC-02,2026-08-28T18:15:00Z,-20.84,42.57,false,OK
TEL-0003460,RU-NYC-02,2026-08-28T18:20:00Z,-20.62,43.68,false,OK
TEL-0003461,RU-NYC-02,2026-08-28T18:25:00Z,-20.95,41.48,false,OK
TEL-0003462,RU-NYC-02,2026-08-28T18:30:00Z,-20.59,45.27,false,OK
TEL-0003463,RU-NYC-02,2026-08-28T18:35:00Z,-20.52,46.41,false,OK
TEL-0003464,RU-NYC-02,2026-08-28T18:40:00Z,-19.8,44.3,false,OK
TEL-0003465,RU-NYC-02,2026-08-28T18:45:00Z,-20.32,43.02,false,OK
TEL-0003466,RU-NYC-02,2026-08-28T18:50:00Z,-19.98,45.83,true,OK
TEL-0003467,RU-NYC-02,2026-08-28T18:55:00Z,-20.23,43.63,false,OK
TEL-0003468,RU-NYC-02,2026-08-28T19:00:00Z,-19.89,41.4,false,OK
